2026-09-17 17:37:32,826:WARNING:
'cuml' is a soft dependency and not included in the pycaret installation. Please run: `pip install cuml` to install.
2026-09-17 17:37:32,826:WARNING:
'cuml' is a soft dependency and not included in the pycaret installation. Please run: `pip install cuml` to install.
2026-09-17 17:37:32,827:WARNING:
'cuml' is a soft dependency and not included in the pycaret installation. Please run: `pip install cuml` to install.
2026-09-17 17:37:32,827:WARNING:
'cuml' is a soft dependency and not included in the pycaret installation. Please run: `pip install cuml` to install.
2026-09-17 17:37:33,463:INFO:PyCaret ClassificationExperiment
2026-09-17 17:37:33,463:INFO:Logging name: clf-default-name
2026-09-17 17:37:33,463:INFO:ML Usecase: MLUsecase.CLASSIFICATION
2026-09-17 17:37:33,463:INFO:version 3.3.2
2026-09-17 17:37:33,463:INFO:Initializing setup()
2026-09-17 17:37:33,463:INFO:self.USI: 7138
2026-09-17 17:37:33,463:INFO:self._variable_keys: {'seed', 'logging_param', 'n_jobs_param', 'USI', 'gpu_n_jobs_param', 'gpu_param', '_available_plots', 'idx', '_ml_usecase', 'y_test', 'X_train', 'fold_shuffle_param', 'y_train', 'exp_id', 'data', 'y', 'fix_imbalance', 'fold_generator', 'log_plots_param', 'fold_groups_param', 'exp_name_log', 'target_param', 'is_multiclass', 'html_param', 'X_test', 'memory', 'pipeline', 'X'}
2026-09-17 17:37:33,463:INFO:Checking environment
2026-09-17 17:37:33,463:INFO:python_version: 3.11.6
2026-09-17 17:37:33,463:INFO:python_build: ('tags/v3.11.6:8b6ee5b', 'Oct  2 2023 14:57:12')
2026-09-17 17:37:33,463:INFO:machine: AMD64
2026-09-17 17:37:33,480:INFO:platform: Windows-10-10.0.26200-SP0
2026-09-17 17:37:33,481:INFO:Memory: svmem(total=12578578432, available=624009216, percent=95.0, used=11954569216, free=624009216)
2026-09-17 17:37:33,481:INFO:Physical Core: 10
2026-09-17 17:37:33,481:INFO:Logical Core: 16
2026-09-17 17:37:33,481:INFO:Checking libraries
2026-09-17 17:37:33,481:INFO:System:
2026-09-17 17:37:33,481:INFO:    python: 3.11.6 (tags/v3.11.6:8b6ee5b, Oct  2 2023, 14:57:12) [MSC v.1935 64 bit (AMD64)]
2026-09-17 17:37:33,481:INFO:executable: C:\Users\ernandadwi\OneDrive\Documents\Semester 5\AI\Percobaan 3\.venv\Scripts\python.exe
2026-09-17 17:37:33,481:INFO:   machine: Windows-10-10.0.26200-SP0
2026-09-17 17:37:33,481:INFO:PyCaret required dependencies:
2026-09-17 17:37:33,481:WARNING:C:\Users\ernandadwi\OneDrive\Documents\Semester 5\AI\Percobaan 3\.venv\Lib\site-packages\_distutils_hack\__init__.py:30: UserWarning: Setuptools is replacing distutils. Support for replacing an already imported distutils is deprecated. In the future, this condition will fail. Register concerns at https://github.com/pypa/setuptools/issues/new?template=distutils-deprecation.yml
  warnings.warn(

2026-09-17 17:37:33,501:INFO:                 pip: 26.2.1
2026-09-17 17:37:33,501:INFO:          setuptools: 84.0.0
2026-09-17 17:37:33,501:INFO:             pycaret: 3.3.2
2026-09-17 17:37:33,501:INFO:             IPython: 9.17.1
2026-09-17 17:37:33,501:INFO:          ipywidgets: 8.1.9
2026-09-17 17:37:33,501:INFO:                tqdm: 4.70.1
2026-09-17 17:37:33,501:INFO:               numpy: 1.26.4
2026-09-17 17:37:33,501:INFO:              pandas: 2.1.4
2026-09-17 17:37:33,501:INFO:              jinja2: 3.1.6
2026-09-17 17:37:33,501:INFO:               scipy: 1.11.4
2026-09-17 17:37:33,501:INFO:              joblib: 1.3.2
2026-09-17 17:37:33,501:INFO:             sklearn: 1.4.2
2026-09-17 17:37:33,501:INFO:                pyod: 3.4.0
2026-09-17 17:37:33,501:INFO:            imblearn: 0.14.2
2026-09-17 17:37:33,501:INFO:   category_encoders: 2.7.0
2026-09-17 17:37:33,501:INFO:            lightgbm: 4.7.0
2026-09-17 17:37:33,501:INFO:               numba: 0.67.0
2026-09-17 17:37:33,501:INFO:            requests: 2.34.2
2026-09-17 17:37:33,501:INFO:          matplotlib: 3.7.5
2026-09-17 17:37:33,501:INFO:          scikitplot: 0.3.7
2026-09-17 17:37:33,501:INFO:         yellowbrick: 1.5
2026-09-17 17:37:33,501:INFO:              plotly: 6.9.0
2026-09-17 17:37:33,501:INFO:    plotly-resampler: Not installed
2026-09-17 17:37:33,501:INFO:             kaleido: 1.4.0
2026-09-17 17:37:33,501:INFO:           schemdraw: 0.15
2026-09-17 17:37:33,501:INFO:         statsmodels: 0.15.0
2026-09-17 17:37:33,501:INFO:              sktime: 0.26.0
2026-09-17 17:37:33,501:INFO:               tbats: 1.1.3
2026-09-17 17:37:33,501:INFO:            pmdarima: 2.0.4
2026-09-17 17:37:33,501:INFO:              psutil: 7.2.2
2026-09-17 17:37:33,501:INFO:          markupsafe: 3.0.3
2026-09-17 17:37:33,501:INFO:             pickle5: Not installed
2026-09-17 17:37:33,501:INFO:         cloudpickle: 3.1.2
2026-09-17 17:37:33,501:INFO:         deprecation: 2.1.0
2026-09-17 17:37:33,501:INFO:              xxhash: 4.0.1
2026-09-17 17:37:33,501:INFO:           wurlitzer: Not installed
2026-09-17 17:37:33,501:INFO:PyCaret optional dependencies:
2026-09-17 17:37:33,547:INFO:                shap: Not installed
2026-09-17 17:37:33,547:INFO:           interpret: Not installed
2026-09-17 17:37:33,547:INFO:                umap: Not installed
2026-09-17 17:37:33,547:INFO:     ydata_profiling: Not installed
2026-09-17 17:37:33,547:INFO:  explainerdashboard: Not installed
2026-09-17 17:37:33,547:INFO:             autoviz: Not installed
2026-09-17 17:37:33,547:INFO:           fairlearn: Not installed
2026-09-17 17:37:33,547:INFO:          deepchecks: Not installed
2026-09-17 17:37:33,547:INFO:             xgboost: 2.1.4
2026-09-17 17:37:33,547:INFO:            catboost: Not installed
2026-09-17 17:37:33,547:INFO:              kmodes: Not installed
2026-09-17 17:37:33,547:INFO:             mlxtend: Not installed
2026-09-17 17:37:33,547:INFO:       statsforecast: Not installed
2026-09-17 17:37:33,547:INFO:        tune_sklearn: Not installed
2026-09-17 17:37:33,547:INFO:                 ray: Not installed
2026-09-17 17:37:33,547:INFO:            hyperopt: Not installed
2026-09-17 17:37:33,547:INFO:              optuna: Not installed
2026-09-17 17:37:33,547:INFO:               skopt: Not installed
2026-09-17 17:37:33,547:INFO:              mlflow: Not installed
2026-09-17 17:37:33,547:INFO:              gradio: Not installed
2026-09-17 17:37:33,547:INFO:             fastapi: Not installed
2026-09-17 17:37:33,547:INFO:             uvicorn: Not installed
2026-09-17 17:37:33,547:INFO:              m2cgen: Not installed
2026-09-17 17:37:33,547:INFO:           evidently: Not installed
2026-09-17 17:37:33,547:INFO:               fugue: Not installed
2026-09-17 17:37:33,547:INFO:           streamlit: Not installed
2026-09-17 17:37:33,547:INFO:             prophet: Not installed
2026-09-17 17:37:33,548:INFO:None
2026-09-17 17:37:33,548:INFO:Set up data.
2026-09-17 17:37:33,552:INFO:Set up folding strategy.
2026-09-17 17:37:33,552:INFO:Set up train/test split.
2026-09-17 17:37:33,556:INFO:Set up index.
2026-09-17 17:37:33,557:INFO:Assigning column types.
2026-09-17 17:37:33,560:INFO:Engine successfully changes for model 'lr' to 'sklearn'.
2026-09-17 17:37:33,587:INFO:Engine for model 'knn' has not been set explicitly, hence returning None.
2026-09-17 17:37:33,589:INFO:Engine for model 'rbfsvm' has not been set explicitly, hence returning None.
2026-09-17 17:37:33,608:INFO:Soft dependency imported: xgboost: 2.1.4
2026-09-17 17:37:33,609:WARNING:
'catboost' is a soft dependency and not included in the pycaret installation. Please run: `pip install catboost` to install.
Alternately, you can install this by running `pip install pycaret[models]`
2026-09-17 17:37:33,633:INFO:Engine for model 'knn' has not been set explicitly, hence returning None.
2026-09-17 17:37:33,633:INFO:Engine for model 'rbfsvm' has not been set explicitly, hence returning None.
2026-09-17 17:37:33,647:INFO:Soft dependency imported: xgboost: 2.1.4
2026-09-17 17:37:33,648:WARNING:
'catboost' is a soft dependency and not included in the pycaret installation. Please run: `pip install catboost` to install.
Alternately, you can install this by running `pip install pycaret[models]`
2026-09-17 17:37:33,648:INFO:Engine successfully changes for model 'knn' to 'sklearn'.
2026-09-17 17:37:33,671:INFO:Engine for model 'rbfsvm' has not been set explicitly, hence returning None.
2026-09-17 17:37:33,685:INFO:Soft dependency imported: xgboost: 2.1.4
2026-09-17 17:37:33,687:WARNING:
'catboost' is a soft dependency and not included in the pycaret installation. Please run: `pip install catboost` to install.
Alternately, you can install this by running `pip install pycaret[models]`
2026-09-17 17:37:33,710:INFO:Engine for model 'rbfsvm' has not been set explicitly, hence returning None.
2026-09-17 17:37:33,725:INFO:Soft dependency imported: xgboost: 2.1.4
2026-09-17 17:37:33,726:WARNING:
'catboost' is a soft dependency and not included in the pycaret installation. Please run: `pip install catboost` to install.
Alternately, you can install this by running `pip install pycaret[models]`
2026-09-17 17:37:33,726:INFO:Engine successfully changes for model 'rbfsvm' to 'sklearn'.
2026-09-17 17:37:33,763:INFO:Soft dependency imported: xgboost: 2.1.4
2026-09-17 17:37:33,764:WARNING:
'catboost' is a soft dependency and not included in the pycaret installation. Please run: `pip install catboost` to install.
Alternately, you can install this by running `pip install pycaret[models]`
2026-09-17 17:37:33,801:INFO:Soft dependency imported: xgboost: 2.1.4
2026-09-17 17:37:33,803:WARNING:
'catboost' is a soft dependency and not included in the pycaret installation. Please run: `pip install catboost` to install.
Alternately, you can install this by running `pip install pycaret[models]`
2026-09-17 17:37:33,806:INFO:Preparing preprocessing pipeline...
2026-09-17 17:37:33,808:INFO:Set up simple imputation.
2026-09-17 17:37:33,809:INFO:Set up column name cleaning.
2026-09-17 17:37:33,827:INFO:Finished creating preprocessing pipeline.
2026-09-17 17:37:33,830:INFO:Pipeline: Pipeline(memory=FastMemory(location=C:\Users\ERNAND~1\AppData\Local\Temp\joblib),
         steps=[('numerical_imputer',
                 TransformerWrapper(exclude=None,
                                    include=['sepal length (cm)',
                                             'sepal width (cm)',
                                             'petal length (cm)',
                                             'petal width (cm)'],
                                    transformer=SimpleImputer(add_indicator=False,
                                                              copy=True,
                                                              fill_value=None,
                                                              keep_empty_features=False,
                                                              missing_values=nan,
                                                              strategy='me...
                ('categorical_imputer',
                 TransformerWrapper(exclude=None, include=[],
                                    transformer=SimpleImputer(add_indicator=False,
                                                              copy=True,
                                                              fill_value=None,
                                                              keep_empty_features=False,
                                                              missing_values=nan,
                                                              strategy='most_frequent'))),
                ('clean_column_names',
                 TransformerWrapper(exclude=None, include=None,
                                    transformer=CleanColumnNames(match='[\\]\\[\\,\\{\\}\\"\\:]+')))],
         verbose=False)
2026-09-17 17:37:33,830:INFO:Creating final display dataframe.
2026-09-17 17:37:33,862:INFO:Setup _display_container:                     Description             Value
0                    Session id              7197
1                        Target            Target
2                   Target type        Multiclass
3           Original data shape          (150, 5)
4        Transformed data shape          (150, 5)
5   Transformed train set shape          (105, 5)
6    Transformed test set shape           (45, 5)
7              Numeric features                 4
8                    Preprocess              True
9               Imputation type            simple
10           Numeric imputation              mean
11       Categorical imputation              mode
12               Fold Generator   StratifiedKFold
13                  Fold Number                10
14                     CPU Jobs                -1
15                      Use GPU             False
16               Log Experiment             False
17              Experiment Name  clf-default-name
18                          USI              7138
2026-09-17 17:37:33,901:INFO:Soft dependency imported: xgboost: 2.1.4
2026-09-17 17:37:33,902:WARNING:
'catboost' is a soft dependency and not included in the pycaret installation. Please run: `pip install catboost` to install.
Alternately, you can install this by running `pip install pycaret[models]`
2026-09-17 17:37:33,939:INFO:Soft dependency imported: xgboost: 2.1.4
2026-09-17 17:37:33,940:WARNING:
'catboost' is a soft dependency and not included in the pycaret installation. Please run: `pip install catboost` to install.
Alternately, you can install this by running `pip install pycaret[models]`
2026-09-17 17:37:33,941:INFO:setup() successfully completed in 0.48s...............
2026-09-17 17:37:33,941:INFO:Initializing compare_models()
2026-09-17 17:37:33,941:INFO:compare_models(self=<pycaret.classification.oop.ClassificationExperiment object at 0x000001397CB66ED0>, include=None, exclude=None, fold=None, round=4, cross_validation=True, sort=Accuracy, n_select=1, budget_time=None, turbo=True, errors=ignore, fit_kwargs=None, groups=None, experiment_custom_tags=None, probability_threshold=None, verbose=True, parallel=None, caller_params={'self': <pycaret.classification.oop.ClassificationExperiment object at 0x000001397CB66ED0>, 'include': None, 'exclude': None, 'fold': None, 'round': 4, 'cross_validation': True, 'sort': 'Accuracy', 'n_select': 1, 'budget_time': None, 'turbo': True, 'errors': 'ignore', 'fit_kwargs': None, 'groups': None, 'experiment_custom_tags': None, 'probability_threshold': None, 'engine': None, 'verbose': True, 'parallel': None, '__class__': <class 'pycaret.classification.oop.ClassificationExperiment'>})
2026-09-17 17:37:33,941:INFO:Checking exceptions
2026-09-17 17:37:33,944:INFO:Preparing display monitor
2026-09-17 17:37:33,947:INFO:Initializing Logistic Regression
2026-09-17 17:37:33,947:INFO:Total runtime is 1.7233689626057942e-05 minutes
2026-09-17 17:37:33,947:INFO:SubProcess create_model() called ==================================
2026-09-17 17:37:33,947:INFO:Initializing create_model()
2026-09-17 17:37:33,947:INFO:create_model(self=<pycaret.classification.oop.ClassificationExperiment object at 0x000001397CB66ED0>, estimator=lr, fold=StratifiedKFold(n_splits=10, random_state=None, shuffle=False), round=4, cross_validation=True, predict=True, fit_kwargs={}, groups=None, refit=False, probability_threshold=None, experiment_custom_tags=None, verbose=False, system=False, add_to_model_list=True, metrics=None, display=<pycaret.internal.display.display.CommonDisplay object at 0x0000013923A66650>, model_only=True, return_train_score=False, error_score=0.0, kwargs={})
2026-09-17 17:37:33,947:INFO:Checking exceptions
2026-09-17 17:37:33,947:INFO:Importing libraries
2026-09-17 17:37:33,947:INFO:Copying training dataset
2026-09-17 17:37:33,948:INFO:Defining folds
2026-09-17 17:37:33,948:INFO:Declaring metric variables
2026-09-17 17:37:33,948:INFO:Importing untrained model
2026-09-17 17:37:33,949:INFO:Logistic Regression Imported successfully
2026-09-17 17:37:33,949:INFO:Starting cross validation
2026-09-17 17:37:33,949:INFO:Cross validating with StratifiedKFold(n_splits=10, random_state=None, shuffle=False), n_jobs=-1
2026-09-17 17:37:36,864:WARNING:C:\Users\ernandadwi\OneDrive\Documents\Semester 5\AI\Percobaan 3\.venv\Lib\site-packages\_distutils_hack\__init__.py:30: UserWarning: Setuptools is replacing distutils. Support for replacing an already imported distutils is deprecated. In the future, this condition will fail. Register concerns at https://github.com/pypa/setuptools/issues/new?template=distutils-deprecation.yml
  warnings.warn(

2026-09-17 17:37:36,864:WARNING:C:\Users\ernandadwi\OneDrive\Documents\Semester 5\AI\Percobaan 3\.venv\Lib\site-packages\_distutils_hack\__init__.py:30: UserWarning: Setuptools is replacing distutils. Support for replacing an already imported distutils is deprecated. In the future, this condition will fail. Register concerns at https://github.com/pypa/setuptools/issues/new?template=distutils-deprecation.yml
  warnings.warn(

2026-09-17 17:37:36,864:WARNING:C:\Users\ernandadwi\OneDrive\Documents\Semester 5\AI\Percobaan 3\.venv\Lib\site-packages\_distutils_hack\__init__.py:30: UserWarning: Setuptools is replacing distutils. Support for replacing an already imported distutils is deprecated. In the future, this condition will fail. Register concerns at https://github.com/pypa/setuptools/issues/new?template=distutils-deprecation.yml
  warnings.warn(

2026-09-17 17:37:36,864:WARNING:C:\Users\ernandadwi\OneDrive\Documents\Semester 5\AI\Percobaan 3\.venv\Lib\site-packages\_distutils_hack\__init__.py:30: UserWarning: Setuptools is replacing distutils. Support for replacing an already imported distutils is deprecated. In the future, this condition will fail. Register concerns at https://github.com/pypa/setuptools/issues/new?template=distutils-deprecation.yml
  warnings.warn(

2026-09-17 17:37:36,864:WARNING:C:\Users\ernandadwi\OneDrive\Documents\Semester 5\AI\Percobaan 3\.venv\Lib\site-packages\_distutils_hack\__init__.py:30: UserWarning: Setuptools is replacing distutils. Support for replacing an already imported distutils is deprecated. In the future, this condition will fail. Register concerns at https://github.com/pypa/setuptools/issues/new?template=distutils-deprecation.yml
  warnings.warn(

2026-09-17 17:37:36,864:WARNING:C:\Users\ernandadwi\OneDrive\Documents\Semester 5\AI\Percobaan 3\.venv\Lib\site-packages\_distutils_hack\__init__.py:30: UserWarning: Setuptools is replacing distutils. Support for replacing an already imported distutils is deprecated. In the future, this condition will fail. Register concerns at https://github.com/pypa/setuptools/issues/new?template=distutils-deprecation.yml
  warnings.warn(

2026-09-17 17:37:36,864:WARNING:C:\Users\ernandadwi\OneDrive\Documents\Semester 5\AI\Percobaan 3\.venv\Lib\site-packages\_distutils_hack\__init__.py:30: UserWarning: Setuptools is replacing distutils. Support for replacing an already imported distutils is deprecated. In the future, this condition will fail. Register concerns at https://github.com/pypa/setuptools/issues/new?template=distutils-deprecation.yml
  warnings.warn(

2026-09-17 17:37:36,864:WARNING:C:\Users\ernandadwi\OneDrive\Documents\Semester 5\AI\Percobaan 3\.venv\Lib\site-packages\_distutils_hack\__init__.py:30: UserWarning: Setuptools is replacing distutils. Support for replacing an already imported distutils is deprecated. In the future, this condition will fail. Register concerns at https://github.com/pypa/setuptools/issues/new?template=distutils-deprecation.yml
  warnings.warn(

2026-09-17 17:37:36,864:WARNING:C:\Users\ernandadwi\OneDrive\Documents\Semester 5\AI\Percobaan 3\.venv\Lib\site-packages\_distutils_hack\__init__.py:30: UserWarning: Setuptools is replacing distutils. Support for replacing an already imported distutils is deprecated. In the future, this condition will fail. Register concerns at https://github.com/pypa/setuptools/issues/new?template=distutils-deprecation.yml
  warnings.warn(

2026-09-17 17:37:37,275:WARNING:C:\Users\ernandadwi\OneDrive\Documents\Semester 5\AI\Percobaan 3\.venv\Lib\site-packages\pycaret\internal\metrics.py:204: FitFailedWarning: Metric 'make_scorer(roc_auc_score, response_method=('decision_function', 'predict_proba'), average=weighted, multi_class=ovr)' failed and error score 0.0 has been returned instead. If this is a custom metric, this usually means that the error is in the metric code. Full exception below:
Traceback (most recent call last):
  File "C:\Users\ernandadwi\OneDrive\Documents\Semester 5\AI\Percobaan 3\.venv\Lib\site-packages\pycaret\internal\metrics.py", line 196, in _score
    return super()._score(
           ^^^^^^^^^^^^^^^
  File "C:\Users\ernandadwi\OneDrive\Documents\Semester 5\AI\Percobaan 3\.venv\Lib\site-packages\sklearn\metrics\_scorer.py", line 350, in _score
    return self._sign * self._score_func(y_true, y_pred, **scoring_kwargs)
                        ^^^^^^^^^^^^^^^^^^^^^^^^^^^^^^^^^^^^^^^^^^^^^^^^^^
  File "C:\Users\ernandadwi\OneDrive\Documents\Semester 5\AI\Percobaan 3\.venv\Lib\site-packages\pycaret\internal\metrics.py", line 144, in __call__
    return self.score_func(y_true, y_pred, **kwargs)
           ^^^^^^^^^^^^^^^^^^^^^^^^^^^^^^^^^^^^^^^^^
  File "C:\Users\ernandadwi\OneDrive\Documents\Semester 5\AI\Percobaan 3\.venv\Lib\site-packages\sklearn\utils\_param_validation.py", line 213, in wrapper
    return func(*args, **kwargs)
           ^^^^^^^^^^^^^^^^^^^^^
  File "C:\Users\ernandadwi\OneDrive\Documents\Semester 5\AI\Percobaan 3\.venv\Lib\site-packages\sklearn\metrics\_ranking.py", line 634, in roc_auc_score
    return _multiclass_roc_auc_score(
           ^^^^^^^^^^^^^^^^^^^^^^^^^^
  File "C:\Users\ernandadwi\OneDrive\Documents\Semester 5\AI\Percobaan 3\.venv\Lib\site-packages\sklearn\metrics\_ranking.py", line 707, in _multiclass_roc_auc_score
    raise ValueError(
ValueError: Target scores need to be probabilities for multiclass roc_auc, i.e. they should sum up to 1.0 over classes

  warnings.warn(

2026-09-17 17:37:37,275:WARNING:C:\Users\ernandadwi\OneDrive\Documents\Semester 5\AI\Percobaan 3\.venv\Lib\site-packages\pycaret\internal\metrics.py:204: FitFailedWarning: Metric 'make_scorer(roc_auc_score, response_method=('decision_function', 'predict_proba'), average=weighted, multi_class=ovr)' failed and error score 0.0 has been returned instead. If this is a custom metric, this usually means that the error is in the metric code. Full exception below:
Traceback (most recent call last):
  File "C:\Users\ernandadwi\OneDrive\Documents\Semester 5\AI\Percobaan 3\.venv\Lib\site-packages\pycaret\internal\metrics.py", line 196, in _score
    return super()._score(
           ^^^^^^^^^^^^^^^
  File "C:\Users\ernandadwi\OneDrive\Documents\Semester 5\AI\Percobaan 3\.venv\Lib\site-packages\sklearn\metrics\_scorer.py", line 350, in _score
    return self._sign * self._score_func(y_true, y_pred, **scoring_kwargs)
                        ^^^^^^^^^^^^^^^^^^^^^^^^^^^^^^^^^^^^^^^^^^^^^^^^^^
  File "C:\Users\ernandadwi\OneDrive\Documents\Semester 5\AI\Percobaan 3\.venv\Lib\site-packages\pycaret\internal\metrics.py", line 144, in __call__
    return self.score_func(y_true, y_pred, **kwargs)
           ^^^^^^^^^^^^^^^^^^^^^^^^^^^^^^^^^^^^^^^^^
  File "C:\Users\ernandadwi\OneDrive\Documents\Semester 5\AI\Percobaan 3\.venv\Lib\site-packages\sklearn\utils\_param_validation.py", line 213, in wrapper
    return func(*args, **kwargs)
           ^^^^^^^^^^^^^^^^^^^^^
  File "C:\Users\ernandadwi\OneDrive\Documents\Semester 5\AI\Percobaan 3\.venv\Lib\site-packages\sklearn\metrics\_ranking.py", line 634, in roc_auc_score
    return _multiclass_roc_auc_score(
           ^^^^^^^^^^^^^^^^^^^^^^^^^^
  File "C:\Users\ernandadwi\OneDrive\Documents\Semester 5\AI\Percobaan 3\.venv\Lib\site-packages\sklearn\metrics\_ranking.py", line 707, in _multiclass_roc_auc_score
    raise ValueError(
ValueError: Target scores need to be probabilities for multiclass roc_auc, i.e. they should sum up to 1.0 over classes

  warnings.warn(

2026-09-17 17:37:37,276:WARNING:C:\Users\ernandadwi\OneDrive\Documents\Semester 5\AI\Percobaan 3\.venv\Lib\site-packages\pycaret\internal\metrics.py:204: FitFailedWarning: Metric 'make_scorer(roc_auc_score, response_method=('decision_function', 'predict_proba'), average=weighted, multi_class=ovr)' failed and error score 0.0 has been returned instead. If this is a custom metric, this usually means that the error is in the metric code. Full exception below:
Traceback (most recent call last):
  File "C:\Users\ernandadwi\OneDrive\Documents\Semester 5\AI\Percobaan 3\.venv\Lib\site-packages\pycaret\internal\metrics.py", line 196, in _score
    return super()._score(
           ^^^^^^^^^^^^^^^
  File "C:\Users\ernandadwi\OneDrive\Documents\Semester 5\AI\Percobaan 3\.venv\Lib\site-packages\sklearn\metrics\_scorer.py", line 350, in _score
    return self._sign * self._score_func(y_true, y_pred, **scoring_kwargs)
                        ^^^^^^^^^^^^^^^^^^^^^^^^^^^^^^^^^^^^^^^^^^^^^^^^^^
  File "C:\Users\ernandadwi\OneDrive\Documents\Semester 5\AI\Percobaan 3\.venv\Lib\site-packages\pycaret\internal\metrics.py", line 144, in __call__
    return self.score_func(y_true, y_pred, **kwargs)
           ^^^^^^^^^^^^^^^^^^^^^^^^^^^^^^^^^^^^^^^^^
  File "C:\Users\ernandadwi\OneDrive\Documents\Semester 5\AI\Percobaan 3\.venv\Lib\site-packages\sklearn\utils\_param_validation.py", line 213, in wrapper
    return func(*args, **kwargs)
           ^^^^^^^^^^^^^^^^^^^^^
  File "C:\Users\ernandadwi\OneDrive\Documents\Semester 5\AI\Percobaan 3\.venv\Lib\site-packages\sklearn\metrics\_ranking.py", line 634, in roc_auc_score
    return _multiclass_roc_auc_score(
           ^^^^^^^^^^^^^^^^^^^^^^^^^^
  File "C:\Users\ernandadwi\OneDrive\Documents\Semester 5\AI\Percobaan 3\.venv\Lib\site-packages\sklearn\metrics\_ranking.py", line 707, in _multiclass_roc_auc_score
    raise ValueError(
ValueError: Target scores need to be probabilities for multiclass roc_auc, i.e. they should sum up to 1.0 over classes

  warnings.warn(

2026-09-17 17:37:37,276:WARNING:C:\Users\ernandadwi\OneDrive\Documents\Semester 5\AI\Percobaan 3\.venv\Lib\site-packages\pycaret\internal\metrics.py:204: FitFailedWarning: Metric 'make_scorer(roc_auc_score, response_method=('decision_function', 'predict_proba'), average=weighted, multi_class=ovr)' failed and error score 0.0 has been returned instead. If this is a custom metric, this usually means that the error is in the metric code. Full exception below:
Traceback (most recent call last):
  File "C:\Users\ernandadwi\OneDrive\Documents\Semester 5\AI\Percobaan 3\.venv\Lib\site-packages\pycaret\internal\metrics.py", line 196, in _score
    return super()._score(
           ^^^^^^^^^^^^^^^
  File "C:\Users\ernandadwi\OneDrive\Documents\Semester 5\AI\Percobaan 3\.venv\Lib\site-packages\sklearn\metrics\_scorer.py", line 350, in _score
    return self._sign * self._score_func(y_true, y_pred, **scoring_kwargs)
                        ^^^^^^^^^^^^^^^^^^^^^^^^^^^^^^^^^^^^^^^^^^^^^^^^^^
  File "C:\Users\ernandadwi\OneDrive\Documents\Semester 5\AI\Percobaan 3\.venv\Lib\site-packages\pycaret\internal\metrics.py", line 144, in __call__
    return self.score_func(y_true, y_pred, **kwargs)
           ^^^^^^^^^^^^^^^^^^^^^^^^^^^^^^^^^^^^^^^^^
  File "C:\Users\ernandadwi\OneDrive\Documents\Semester 5\AI\Percobaan 3\.venv\Lib\site-packages\sklearn\utils\_param_validation.py", line 213, in wrapper
    return func(*args, **kwargs)
           ^^^^^^^^^^^^^^^^^^^^^
  File "C:\Users\ernandadwi\OneDrive\Documents\Semester 5\AI\Percobaan 3\.venv\Lib\site-packages\sklearn\metrics\_ranking.py", line 634, in roc_auc_score
    return _multiclass_roc_auc_score(
           ^^^^^^^^^^^^^^^^^^^^^^^^^^
  File "C:\Users\ernandadwi\OneDrive\Documents\Semester 5\AI\Percobaan 3\.venv\Lib\site-packages\sklearn\metrics\_ranking.py", line 707, in _multiclass_roc_auc_score
    raise ValueError(
ValueError: Target scores need to be probabilities for multiclass roc_auc, i.e. they should sum up to 1.0 over classes

  warnings.warn(

2026-09-17 17:37:37,278:WARNING:C:\Users\ernandadwi\OneDrive\Documents\Semester 5\AI\Percobaan 3\.venv\Lib\site-packages\pycaret\internal\metrics.py:204: FitFailedWarning: Metric 'make_scorer(roc_auc_score, response_method=('decision_function', 'predict_proba'), average=weighted, multi_class=ovr)' failed and error score 0.0 has been returned instead. If this is a custom metric, this usually means that the error is in the metric code. Full exception below:
Traceback (most recent call last):
  File "C:\Users\ernandadwi\OneDrive\Documents\Semester 5\AI\Percobaan 3\.venv\Lib\site-packages\pycaret\internal\metrics.py", line 196, in _score
    return super()._score(
           ^^^^^^^^^^^^^^^
  File "C:\Users\ernandadwi\OneDrive\Documents\Semester 5\AI\Percobaan 3\.venv\Lib\site-packages\sklearn\metrics\_scorer.py", line 350, in _score
    return self._sign * self._score_func(y_true, y_pred, **scoring_kwargs)
                        ^^^^^^^^^^^^^^^^^^^^^^^^^^^^^^^^^^^^^^^^^^^^^^^^^^
  File "C:\Users\ernandadwi\OneDrive\Documents\Semester 5\AI\Percobaan 3\.venv\Lib\site-packages\pycaret\internal\metrics.py", line 144, in __call__
    return self.score_func(y_true, y_pred, **kwargs)
           ^^^^^^^^^^^^^^^^^^^^^^^^^^^^^^^^^^^^^^^^^
  File "C:\Users\ernandadwi\OneDrive\Documents\Semester 5\AI\Percobaan 3\.venv\Lib\site-packages\sklearn\utils\_param_validation.py", line 213, in wrapper
    return func(*args, **kwargs)
           ^^^^^^^^^^^^^^^^^^^^^
  File "C:\Users\ernandadwi\OneDrive\Documents\Semester 5\AI\Percobaan 3\.venv\Lib\site-packages\sklearn\metrics\_ranking.py", line 634, in roc_auc_score
    return _multiclass_roc_auc_score(
           ^^^^^^^^^^^^^^^^^^^^^^^^^^
  File "C:\Users\ernandadwi\OneDrive\Documents\Semester 5\AI\Percobaan 3\.venv\Lib\site-packages\sklearn\metrics\_ranking.py", line 707, in _multiclass_roc_auc_score
    raise ValueError(
ValueError: Target scores need to be probabilities for multiclass roc_auc, i.e. they should sum up to 1.0 over classes

  warnings.warn(

2026-09-17 17:37:37,296:INFO:Calculating mean and std
2026-09-17 17:37:37,297:INFO:Creating metrics dataframe
2026-09-17 17:37:37,300:INFO:Uploading results into container
2026-09-17 17:37:37,301:INFO:Uploading model into container now
2026-09-17 17:37:37,302:INFO:_master_model_container: 1
2026-09-17 17:37:37,302:INFO:_display_container: 2
2026-09-17 17:37:37,303:INFO:LogisticRegression(C=1.0, class_weight=None, dual=False, fit_intercept=True,
                   intercept_scaling=1, l1_ratio=None, max_iter=1000,
                   multi_class='auto', n_jobs=None, penalty='l2',
                   random_state=7197, solver='lbfgs', tol=0.0001, verbose=0,
                   warm_start=False)
2026-09-17 17:37:37,303:INFO:create_model() successfully completed......................................
2026-09-17 17:37:37,441:INFO:SubProcess create_model() end ==================================
2026-09-17 17:37:37,441:INFO:Creating metrics dataframe
2026-09-17 17:37:37,443:INFO:Initializing K Neighbors Classifier
2026-09-17 17:37:37,443:INFO:Total runtime is 0.05828294356664022 minutes
2026-09-17 17:37:37,443:INFO:SubProcess create_model() called ==================================
2026-09-17 17:37:37,443:INFO:Initializing create_model()
2026-09-17 17:37:37,443:INFO:create_model(self=<pycaret.classification.oop.ClassificationExperiment object at 0x000001397CB66ED0>, estimator=knn, fold=StratifiedKFold(n_splits=10, random_state=None, shuffle=False), round=4, cross_validation=True, predict=True, fit_kwargs={}, groups=None, refit=False, probability_threshold=None, experiment_custom_tags=None, verbose=False, system=False, add_to_model_list=True, metrics=None, display=<pycaret.internal.display.display.CommonDisplay object at 0x0000013923A66650>, model_only=True, return_train_score=False, error_score=0.0, kwargs={})
2026-09-17 17:37:37,443:INFO:Checking exceptions
2026-09-17 17:37:37,443:INFO:Importing libraries
2026-09-17 17:37:37,443:INFO:Copying training dataset
2026-09-17 17:37:37,444:INFO:Defining folds
2026-09-17 17:37:37,445:INFO:Declaring metric variables
2026-09-17 17:37:37,445:INFO:Importing untrained model
2026-09-17 17:37:37,445:INFO:K Neighbors Classifier Imported successfully
2026-09-17 17:37:37,445:INFO:Starting cross validation
2026-09-17 17:37:37,445:INFO:Cross validating with StratifiedKFold(n_splits=10, random_state=None, shuffle=False), n_jobs=-1
2026-09-17 17:37:39,362:WARNING:C:\Users\ernandadwi\OneDrive\Documents\Semester 5\AI\Percobaan 3\.venv\Lib\site-packages\_distutils_hack\__init__.py:30: UserWarning: Setuptools is replacing distutils. Support for replacing an already imported distutils is deprecated. In the future, this condition will fail. Register concerns at https://github.com/pypa/setuptools/issues/new?template=distutils-deprecation.yml
  warnings.warn(

2026-09-17 17:37:39,362:WARNING:C:\Users\ernandadwi\OneDrive\Documents\Semester 5\AI\Percobaan 3\.venv\Lib\site-packages\_distutils_hack\__init__.py:30: UserWarning: Setuptools is replacing distutils. Support for replacing an already imported distutils is deprecated. In the future, this condition will fail. Register concerns at https://github.com/pypa/setuptools/issues/new?template=distutils-deprecation.yml
  warnings.warn(

2026-09-17 17:37:39,875:INFO:Calculating mean and std
2026-09-17 17:37:39,877:INFO:Creating metrics dataframe
2026-09-17 17:37:39,880:INFO:Uploading results into container
2026-09-17 17:37:39,880:INFO:Uploading model into container now
2026-09-17 17:37:39,881:INFO:_master_model_container: 2
2026-09-17 17:37:39,881:INFO:_display_container: 2
2026-09-17 17:37:39,882:INFO:KNeighborsClassifier(algorithm='auto', leaf_size=30, metric='minkowski',
                     metric_params=None, n_jobs=-1, n_neighbors=5, p=2,
                     weights='uniform')
2026-09-17 17:37:39,882:INFO:create_model() successfully completed......................................
2026-09-17 17:37:40,000:INFO:SubProcess create_model() end ==================================
2026-09-17 17:37:40,000:INFO:Creating metrics dataframe
2026-09-17 17:37:40,006:INFO:Initializing Naive Bayes
2026-09-17 17:37:40,006:INFO:Total runtime is 0.10100067456563314 minutes
2026-09-17 17:37:40,006:INFO:SubProcess create_model() called ==================================
2026-09-17 17:37:40,006:INFO:Initializing create_model()
2026-09-17 17:37:40,006:INFO:create_model(self=<pycaret.classification.oop.ClassificationExperiment object at 0x000001397CB66ED0>, estimator=nb, fold=StratifiedKFold(n_splits=10, random_state=None, shuffle=False), round=4, cross_validation=True, predict=True, fit_kwargs={}, groups=None, refit=False, probability_threshold=None, experiment_custom_tags=None, verbose=False, system=False, add_to_model_list=True, metrics=None, display=<pycaret.internal.display.display.CommonDisplay object at 0x0000013923A66650>, model_only=True, return_train_score=False, error_score=0.0, kwargs={})
2026-09-17 17:37:40,006:INFO:Checking exceptions
2026-09-17 17:37:40,006:INFO:Importing libraries
2026-09-17 17:37:40,006:INFO:Copying training dataset
2026-09-17 17:37:40,008:INFO:Defining folds
2026-09-17 17:37:40,008:INFO:Declaring metric variables
2026-09-17 17:37:40,008:INFO:Importing untrained model
2026-09-17 17:37:40,009:INFO:Naive Bayes Imported successfully
2026-09-17 17:37:40,009:INFO:Starting cross validation
2026-09-17 17:37:40,009:INFO:Cross validating with StratifiedKFold(n_splits=10, random_state=None, shuffle=False), n_jobs=-1
2026-09-17 17:37:40,055:INFO:Calculating mean and std
2026-09-17 17:37:40,056:INFO:Creating metrics dataframe
2026-09-17 17:37:40,057:INFO:Uploading results into container
2026-09-17 17:37:40,057:INFO:Uploading model into container now
2026-09-17 17:37:40,057:INFO:_master_model_container: 3
2026-09-17 17:37:40,057:INFO:_display_container: 2
2026-09-17 17:37:40,058:INFO:GaussianNB(priors=None, var_smoothing=1e-09)
2026-09-17 17:37:40,058:INFO:create_model() successfully completed......................................
2026-09-17 17:37:40,102:INFO:SubProcess create_model() end ==================================
2026-09-17 17:37:40,103:INFO:Creating metrics dataframe
2026-09-17 17:37:40,104:INFO:Initializing Decision Tree Classifier
2026-09-17 17:37:40,104:INFO:Total runtime is 0.10264005263646443 minutes
2026-09-17 17:37:40,104:INFO:SubProcess create_model() called ==================================
2026-09-17 17:37:40,104:INFO:Initializing create_model()
2026-09-17 17:37:40,104:INFO:create_model(self=<pycaret.classification.oop.ClassificationExperiment object at 0x000001397CB66ED0>, estimator=dt, fold=StratifiedKFold(n_splits=10, random_state=None, shuffle=False), round=4, cross_validation=True, predict=True, fit_kwargs={}, groups=None, refit=False, probability_threshold=None, experiment_custom_tags=None, verbose=False, system=False, add_to_model_list=True, metrics=None, display=<pycaret.internal.display.display.CommonDisplay object at 0x0000013923A66650>, model_only=True, return_train_score=False, error_score=0.0, kwargs={})
2026-09-17 17:37:40,104:INFO:Checking exceptions
2026-09-17 17:37:40,104:INFO:Importing libraries
2026-09-17 17:37:40,104:INFO:Copying training dataset
2026-09-17 17:37:40,106:INFO:Defining folds
2026-09-17 17:37:40,106:INFO:Declaring metric variables
2026-09-17 17:37:40,106:INFO:Importing untrained model
2026-09-17 17:37:40,106:INFO:Decision Tree Classifier Imported successfully
2026-09-17 17:37:40,106:INFO:Starting cross validation
2026-09-17 17:37:40,106:INFO:Cross validating with StratifiedKFold(n_splits=10, random_state=None, shuffle=False), n_jobs=-1
2026-09-17 17:37:40,143:INFO:Calculating mean and std
2026-09-17 17:37:40,143:INFO:Creating metrics dataframe
2026-09-17 17:37:40,144:INFO:Uploading results into container
2026-09-17 17:37:40,145:INFO:Uploading model into container now
2026-09-17 17:37:40,145:INFO:_master_model_container: 4
2026-09-17 17:37:40,145:INFO:_display_container: 2
2026-09-17 17:37:40,145:INFO:DecisionTreeClassifier(ccp_alpha=0.0, class_weight=None, criterion='gini',
                       max_depth=None, max_features=None, max_leaf_nodes=None,
                       min_impurity_decrease=0.0, min_samples_leaf=1,
                       min_samples_split=2, min_weight_fraction_leaf=0.0,
                       monotonic_cst=None, random_state=7197, splitter='best')
2026-09-17 17:37:40,145:INFO:create_model() successfully completed......................................
2026-09-17 17:37:40,196:INFO:SubProcess create_model() end ==================================
2026-09-17 17:37:40,196:INFO:Creating metrics dataframe
2026-09-17 17:37:40,198:INFO:Initializing SVM - Linear Kernel
2026-09-17 17:37:40,198:INFO:Total runtime is 0.10420731306076049 minutes
2026-09-17 17:37:40,198:INFO:SubProcess create_model() called ==================================
2026-09-17 17:37:40,198:INFO:Initializing create_model()
2026-09-17 17:37:40,198:INFO:create_model(self=<pycaret.classification.oop.ClassificationExperiment object at 0x000001397CB66ED0>, estimator=svm, fold=StratifiedKFold(n_splits=10, random_state=None, shuffle=False), round=4, cross_validation=True, predict=True, fit_kwargs={}, groups=None, refit=False, probability_threshold=None, experiment_custom_tags=None, verbose=False, system=False, add_to_model_list=True, metrics=None, display=<pycaret.internal.display.display.CommonDisplay object at 0x0000013923A66650>, model_only=True, return_train_score=False, error_score=0.0, kwargs={})
2026-09-17 17:37:40,198:INFO:Checking exceptions
2026-09-17 17:37:40,198:INFO:Importing libraries
2026-09-17 17:37:40,198:INFO:Copying training dataset
2026-09-17 17:37:40,199:INFO:Defining folds
2026-09-17 17:37:40,199:INFO:Declaring metric variables
2026-09-17 17:37:40,199:INFO:Importing untrained model
2026-09-17 17:37:40,200:INFO:SVM - Linear Kernel Imported successfully
2026-09-17 17:37:40,200:INFO:Starting cross validation
2026-09-17 17:37:40,200:INFO:Cross validating with StratifiedKFold(n_splits=10, random_state=None, shuffle=False), n_jobs=-1
2026-09-17 17:37:40,236:WARNING:C:\Users\ernandadwi\OneDrive\Documents\Semester 5\AI\Percobaan 3\.venv\Lib\site-packages\pycaret\internal\metrics.py:204: FitFailedWarning: Metric 'make_scorer(roc_auc_score, response_method=('decision_function', 'predict_proba'), average=weighted, multi_class=ovr)' failed and error score 0.0 has been returned instead. If this is a custom metric, this usually means that the error is in the metric code. Full exception below:
Traceback (most recent call last):
  File "C:\Users\ernandadwi\OneDrive\Documents\Semester 5\AI\Percobaan 3\.venv\Lib\site-packages\pycaret\internal\metrics.py", line 196, in _score
    return super()._score(
           ^^^^^^^^^^^^^^^
  File "C:\Users\ernandadwi\OneDrive\Documents\Semester 5\AI\Percobaan 3\.venv\Lib\site-packages\sklearn\metrics\_scorer.py", line 350, in _score
    return self._sign * self._score_func(y_true, y_pred, **scoring_kwargs)
                        ^^^^^^^^^^^^^^^^^^^^^^^^^^^^^^^^^^^^^^^^^^^^^^^^^^
  File "C:\Users\ernandadwi\OneDrive\Documents\Semester 5\AI\Percobaan 3\.venv\Lib\site-packages\pycaret\internal\metrics.py", line 144, in __call__
    return self.score_func(y_true, y_pred, **kwargs)
           ^^^^^^^^^^^^^^^^^^^^^^^^^^^^^^^^^^^^^^^^^
  File "C:\Users\ernandadwi\OneDrive\Documents\Semester 5\AI\Percobaan 3\.venv\Lib\site-packages\sklearn\utils\_param_validation.py", line 213, in wrapper
    return func(*args, **kwargs)
           ^^^^^^^^^^^^^^^^^^^^^
  File "C:\Users\ernandadwi\OneDrive\Documents\Semester 5\AI\Percobaan 3\.venv\Lib\site-packages\sklearn\metrics\_ranking.py", line 634, in roc_auc_score
    return _multiclass_roc_auc_score(
           ^^^^^^^^^^^^^^^^^^^^^^^^^^
  File "C:\Users\ernandadwi\OneDrive\Documents\Semester 5\AI\Percobaan 3\.venv\Lib\site-packages\sklearn\metrics\_ranking.py", line 707, in _multiclass_roc_auc_score
    raise ValueError(
ValueError: Target scores need to be probabilities for multiclass roc_auc, i.e. they should sum up to 1.0 over classes

  warnings.warn(

2026-09-17 17:37:40,236:WARNING:C:\Users\ernandadwi\OneDrive\Documents\Semester 5\AI\Percobaan 3\.venv\Lib\site-packages\pycaret\internal\metrics.py:204: FitFailedWarning: Metric 'make_scorer(roc_auc_score, response_method=('decision_function', 'predict_proba'), average=weighted, multi_class=ovr)' failed and error score 0.0 has been returned instead. If this is a custom metric, this usually means that the error is in the metric code. Full exception below:
Traceback (most recent call last):
  File "C:\Users\ernandadwi\OneDrive\Documents\Semester 5\AI\Percobaan 3\.venv\Lib\site-packages\pycaret\internal\metrics.py", line 196, in _score
    return super()._score(
           ^^^^^^^^^^^^^^^
  File "C:\Users\ernandadwi\OneDrive\Documents\Semester 5\AI\Percobaan 3\.venv\Lib\site-packages\sklearn\metrics\_scorer.py", line 350, in _score
    return self._sign * self._score_func(y_true, y_pred, **scoring_kwargs)
                        ^^^^^^^^^^^^^^^^^^^^^^^^^^^^^^^^^^^^^^^^^^^^^^^^^^
  File "C:\Users\ernandadwi\OneDrive\Documents\Semester 5\AI\Percobaan 3\.venv\Lib\site-packages\pycaret\internal\metrics.py", line 144, in __call__
    return self.score_func(y_true, y_pred, **kwargs)
           ^^^^^^^^^^^^^^^^^^^^^^^^^^^^^^^^^^^^^^^^^
  File "C:\Users\ernandadwi\OneDrive\Documents\Semester 5\AI\Percobaan 3\.venv\Lib\site-packages\sklearn\utils\_param_validation.py", line 213, in wrapper
    return func(*args, **kwargs)
           ^^^^^^^^^^^^^^^^^^^^^
  File "C:\Users\ernandadwi\OneDrive\Documents\Semester 5\AI\Percobaan 3\.venv\Lib\site-packages\sklearn\metrics\_ranking.py", line 634, in roc_auc_score
    return _multiclass_roc_auc_score(
           ^^^^^^^^^^^^^^^^^^^^^^^^^^
  File "C:\Users\ernandadwi\OneDrive\Documents\Semester 5\AI\Percobaan 3\.venv\Lib\site-packages\sklearn\metrics\_ranking.py", line 707, in _multiclass_roc_auc_score
    raise ValueError(
ValueError: Target scores need to be probabilities for multiclass roc_auc, i.e. they should sum up to 1.0 over classes

  warnings.warn(

2026-09-17 17:37:40,236:WARNING:C:\Users\ernandadwi\OneDrive\Documents\Semester 5\AI\Percobaan 3\.venv\Lib\site-packages\pycaret\internal\metrics.py:204: FitFailedWarning: Metric 'make_scorer(roc_auc_score, response_method=('decision_function', 'predict_proba'), average=weighted, multi_class=ovr)' failed and error score 0.0 has been returned instead. If this is a custom metric, this usually means that the error is in the metric code. Full exception below:
Traceback (most recent call last):
  File "C:\Users\ernandadwi\OneDrive\Documents\Semester 5\AI\Percobaan 3\.venv\Lib\site-packages\pycaret\internal\metrics.py", line 196, in _score
    return super()._score(
           ^^^^^^^^^^^^^^^
  File "C:\Users\ernandadwi\OneDrive\Documents\Semester 5\AI\Percobaan 3\.venv\Lib\site-packages\sklearn\metrics\_scorer.py", line 350, in _score
    return self._sign * self._score_func(y_true, y_pred, **scoring_kwargs)
                        ^^^^^^^^^^^^^^^^^^^^^^^^^^^^^^^^^^^^^^^^^^^^^^^^^^
  File "C:\Users\ernandadwi\OneDrive\Documents\Semester 5\AI\Percobaan 3\.venv\Lib\site-packages\pycaret\internal\metrics.py", line 144, in __call__
    return self.score_func(y_true, y_pred, **kwargs)
           ^^^^^^^^^^^^^^^^^^^^^^^^^^^^^^^^^^^^^^^^^
  File "C:\Users\ernandadwi\OneDrive\Documents\Semester 5\AI\Percobaan 3\.venv\Lib\site-packages\sklearn\utils\_param_validation.py", line 213, in wrapper
    return func(*args, **kwargs)
           ^^^^^^^^^^^^^^^^^^^^^
  File "C:\Users\ernandadwi\OneDrive\Documents\Semester 5\AI\Percobaan 3\.venv\Lib\site-packages\sklearn\metrics\_ranking.py", line 634, in roc_auc_score
    return _multiclass_roc_auc_score(
           ^^^^^^^^^^^^^^^^^^^^^^^^^^
  File "C:\Users\ernandadwi\OneDrive\Documents\Semester 5\AI\Percobaan 3\.venv\Lib\site-packages\sklearn\metrics\_ranking.py", line 707, in _multiclass_roc_auc_score
    raise ValueError(
ValueError: Target scores need to be probabilities for multiclass roc_auc, i.e. they should sum up to 1.0 over classes

  warnings.warn(

2026-09-17 17:37:40,236:WARNING:C:\Users\ernandadwi\OneDrive\Documents\Semester 5\AI\Percobaan 3\.venv\Lib\site-packages\pycaret\internal\metrics.py:204: FitFailedWarning: Metric 'make_scorer(roc_auc_score, response_method=('decision_function', 'predict_proba'), average=weighted, multi_class=ovr)' failed and error score 0.0 has been returned instead. If this is a custom metric, this usually means that the error is in the metric code. Full exception below:
Traceback (most recent call last):
  File "C:\Users\ernandadwi\OneDrive\Documents\Semester 5\AI\Percobaan 3\.venv\Lib\site-packages\pycaret\internal\metrics.py", line 196, in _score
    return super()._score(
           ^^^^^^^^^^^^^^^
  File "C:\Users\ernandadwi\OneDrive\Documents\Semester 5\AI\Percobaan 3\.venv\Lib\site-packages\sklearn\metrics\_scorer.py", line 350, in _score
    return self._sign * self._score_func(y_true, y_pred, **scoring_kwargs)
                        ^^^^^^^^^^^^^^^^^^^^^^^^^^^^^^^^^^^^^^^^^^^^^^^^^^
  File "C:\Users\ernandadwi\OneDrive\Documents\Semester 5\AI\Percobaan 3\.venv\Lib\site-packages\pycaret\internal\metrics.py", line 144, in __call__
    return self.score_func(y_true, y_pred, **kwargs)
           ^^^^^^^^^^^^^^^^^^^^^^^^^^^^^^^^^^^^^^^^^
  File "C:\Users\ernandadwi\OneDrive\Documents\Semester 5\AI\Percobaan 3\.venv\Lib\site-packages\sklearn\utils\_param_validation.py", line 213, in wrapper
    return func(*args, **kwargs)
           ^^^^^^^^^^^^^^^^^^^^^
  File "C:\Users\ernandadwi\OneDrive\Documents\Semester 5\AI\Percobaan 3\.venv\Lib\site-packages\sklearn\metrics\_ranking.py", line 634, in roc_auc_score
    return _multiclass_roc_auc_score(
           ^^^^^^^^^^^^^^^^^^^^^^^^^^
  File "C:\Users\ernandadwi\OneDrive\Documents\Semester 5\AI\Percobaan 3\.venv\Lib\site-packages\sklearn\metrics\_ranking.py", line 707, in _multiclass_roc_auc_score
    raise ValueError(
ValueError: Target scores need to be probabilities for multiclass roc_auc, i.e. they should sum up to 1.0 over classes

  warnings.warn(

2026-09-17 17:37:40,241:WARNING:C:\Users\ernandadwi\OneDrive\Documents\Semester 5\AI\Percobaan 3\.venv\Lib\site-packages\pycaret\internal\metrics.py:204: FitFailedWarning: Metric 'make_scorer(roc_auc_score, response_method=('decision_function', 'predict_proba'), average=weighted, multi_class=ovr)' failed and error score 0.0 has been returned instead. If this is a custom metric, this usually means that the error is in the metric code. Full exception below:
Traceback (most recent call last):
  File "C:\Users\ernandadwi\OneDrive\Documents\Semester 5\AI\Percobaan 3\.venv\Lib\site-packages\pycaret\internal\metrics.py", line 196, in _score
    return super()._score(
           ^^^^^^^^^^^^^^^
  File "C:\Users\ernandadwi\OneDrive\Documents\Semester 5\AI\Percobaan 3\.venv\Lib\site-packages\sklearn\metrics\_scorer.py", line 350, in _score
    return self._sign * self._score_func(y_true, y_pred, **scoring_kwargs)
                        ^^^^^^^^^^^^^^^^^^^^^^^^^^^^^^^^^^^^^^^^^^^^^^^^^^
  File "C:\Users\ernandadwi\OneDrive\Documents\Semester 5\AI\Percobaan 3\.venv\Lib\site-packages\pycaret\internal\metrics.py", line 144, in __call__
    return self.score_func(y_true, y_pred, **kwargs)
           ^^^^^^^^^^^^^^^^^^^^^^^^^^^^^^^^^^^^^^^^^
  File "C:\Users\ernandadwi\OneDrive\Documents\Semester 5\AI\Percobaan 3\.venv\Lib\site-packages\sklearn\utils\_param_validation.py", line 213, in wrapper
    return func(*args, **kwargs)
           ^^^^^^^^^^^^^^^^^^^^^
  File "C:\Users\ernandadwi\OneDrive\Documents\Semester 5\AI\Percobaan 3\.venv\Lib\site-packages\sklearn\metrics\_ranking.py", line 634, in roc_auc_score
    return _multiclass_roc_auc_score(
           ^^^^^^^^^^^^^^^^^^^^^^^^^^
  File "C:\Users\ernandadwi\OneDrive\Documents\Semester 5\AI\Percobaan 3\.venv\Lib\site-packages\sklearn\metrics\_ranking.py", line 707, in _multiclass_roc_auc_score
    raise ValueError(
ValueError: Target scores need to be probabilities for multiclass roc_auc, i.e. they should sum up to 1.0 over classes

  warnings.warn(

2026-09-17 17:37:40,241:WARNING:C:\Users\ernandadwi\OneDrive\Documents\Semester 5\AI\Percobaan 3\.venv\Lib\site-packages\sklearn\metrics\_classification.py:1509: UndefinedMetricWarning: Precision is ill-defined and being set to 0.0 in labels with no predicted samples. Use `zero_division` parameter to control this behavior.
  _warn_prf(average, modifier, f"{metric.capitalize()} is", len(result))

2026-09-17 17:37:40,242:WARNING:C:\Users\ernandadwi\OneDrive\Documents\Semester 5\AI\Percobaan 3\.venv\Lib\site-packages\pycaret\internal\metrics.py:204: FitFailedWarning: Metric 'make_scorer(roc_auc_score, response_method=('decision_function', 'predict_proba'), average=weighted, multi_class=ovr)' failed and error score 0.0 has been returned instead. If this is a custom metric, this usually means that the error is in the metric code. Full exception below:
Traceback (most recent call last):
  File "C:\Users\ernandadwi\OneDrive\Documents\Semester 5\AI\Percobaan 3\.venv\Lib\site-packages\pycaret\internal\metrics.py", line 196, in _score
    return super()._score(
           ^^^^^^^^^^^^^^^
  File "C:\Users\ernandadwi\OneDrive\Documents\Semester 5\AI\Percobaan 3\.venv\Lib\site-packages\sklearn\metrics\_scorer.py", line 350, in _score
    return self._sign * self._score_func(y_true, y_pred, **scoring_kwargs)
                        ^^^^^^^^^^^^^^^^^^^^^^^^^^^^^^^^^^^^^^^^^^^^^^^^^^
  File "C:\Users\ernandadwi\OneDrive\Documents\Semester 5\AI\Percobaan 3\.venv\Lib\site-packages\pycaret\internal\metrics.py", line 144, in __call__
    return self.score_func(y_true, y_pred, **kwargs)
           ^^^^^^^^^^^^^^^^^^^^^^^^^^^^^^^^^^^^^^^^^
  File "C:\Users\ernandadwi\OneDrive\Documents\Semester 5\AI\Percobaan 3\.venv\Lib\site-packages\sklearn\utils\_param_validation.py", line 213, in wrapper
    return func(*args, **kwargs)
           ^^^^^^^^^^^^^^^^^^^^^
  File "C:\Users\ernandadwi\OneDrive\Documents\Semester 5\AI\Percobaan 3\.venv\Lib\site-packages\sklearn\metrics\_ranking.py", line 634, in roc_auc_score
    return _multiclass_roc_auc_score(
           ^^^^^^^^^^^^^^^^^^^^^^^^^^
  File "C:\Users\ernandadwi\OneDrive\Documents\Semester 5\AI\Percobaan 3\.venv\Lib\site-packages\sklearn\metrics\_ranking.py", line 707, in _multiclass_roc_auc_score
    raise ValueError(
ValueError: Target scores need to be probabilities for multiclass roc_auc, i.e. they should sum up to 1.0 over classes

  warnings.warn(

2026-09-17 17:37:40,242:WARNING:C:\Users\ernandadwi\OneDrive\Documents\Semester 5\AI\Percobaan 3\.venv\Lib\site-packages\sklearn\metrics\_classification.py:1509: UndefinedMetricWarning: Precision is ill-defined and being set to 0.0 in labels with no predicted samples. Use `zero_division` parameter to control this behavior.
  _warn_prf(average, modifier, f"{metric.capitalize()} is", len(result))

2026-09-17 17:37:40,242:WARNING:C:\Users\ernandadwi\OneDrive\Documents\Semester 5\AI\Percobaan 3\.venv\Lib\site-packages\pycaret\internal\metrics.py:204: FitFailedWarning: Metric 'make_scorer(roc_auc_score, response_method=('decision_function', 'predict_proba'), average=weighted, multi_class=ovr)' failed and error score 0.0 has been returned instead. If this is a custom metric, this usually means that the error is in the metric code. Full exception below:
Traceback (most recent call last):
  File "C:\Users\ernandadwi\OneDrive\Documents\Semester 5\AI\Percobaan 3\.venv\Lib\site-packages\pycaret\internal\metrics.py", line 196, in _score
    return super()._score(
           ^^^^^^^^^^^^^^^
  File "C:\Users\ernandadwi\OneDrive\Documents\Semester 5\AI\Percobaan 3\.venv\Lib\site-packages\sklearn\metrics\_scorer.py", line 350, in _score
    return self._sign * self._score_func(y_true, y_pred, **scoring_kwargs)
                        ^^^^^^^^^^^^^^^^^^^^^^^^^^^^^^^^^^^^^^^^^^^^^^^^^^
  File "C:\Users\ernandadwi\OneDrive\Documents\Semester 5\AI\Percobaan 3\.venv\Lib\site-packages\pycaret\internal\metrics.py", line 144, in __call__
    return self.score_func(y_true, y_pred, **kwargs)
           ^^^^^^^^^^^^^^^^^^^^^^^^^^^^^^^^^^^^^^^^^
  File "C:\Users\ernandadwi\OneDrive\Documents\Semester 5\AI\Percobaan 3\.venv\Lib\site-packages\sklearn\utils\_param_validation.py", line 213, in wrapper
    return func(*args, **kwargs)
           ^^^^^^^^^^^^^^^^^^^^^
  File "C:\Users\ernandadwi\OneDrive\Documents\Semester 5\AI\Percobaan 3\.venv\Lib\site-packages\sklearn\metrics\_ranking.py", line 634, in roc_auc_score
    return _multiclass_roc_auc_score(
           ^^^^^^^^^^^^^^^^^^^^^^^^^^
  File "C:\Users\ernandadwi\OneDrive\Documents\Semester 5\AI\Percobaan 3\.venv\Lib\site-packages\sklearn\metrics\_ranking.py", line 707, in _multiclass_roc_auc_score
    raise ValueError(
ValueError: Target scores need to be probabilities for multiclass roc_auc, i.e. they should sum up to 1.0 over classes

  warnings.warn(

2026-09-17 17:37:40,243:WARNING:C:\Users\ernandadwi\OneDrive\Documents\Semester 5\AI\Percobaan 3\.venv\Lib\site-packages\pycaret\internal\metrics.py:204: FitFailedWarning: Metric 'make_scorer(roc_auc_score, response_method=('decision_function', 'predict_proba'), average=weighted, multi_class=ovr)' failed and error score 0.0 has been returned instead. If this is a custom metric, this usually means that the error is in the metric code. Full exception below:
Traceback (most recent call last):
  File "C:\Users\ernandadwi\OneDrive\Documents\Semester 5\AI\Percobaan 3\.venv\Lib\site-packages\pycaret\internal\metrics.py", line 196, in _score
    return super()._score(
           ^^^^^^^^^^^^^^^
  File "C:\Users\ernandadwi\OneDrive\Documents\Semester 5\AI\Percobaan 3\.venv\Lib\site-packages\sklearn\metrics\_scorer.py", line 350, in _score
    return self._sign * self._score_func(y_true, y_pred, **scoring_kwargs)
                        ^^^^^^^^^^^^^^^^^^^^^^^^^^^^^^^^^^^^^^^^^^^^^^^^^^
  File "C:\Users\ernandadwi\OneDrive\Documents\Semester 5\AI\Percobaan 3\.venv\Lib\site-packages\pycaret\internal\metrics.py", line 144, in __call__
    return self.score_func(y_true, y_pred, **kwargs)
           ^^^^^^^^^^^^^^^^^^^^^^^^^^^^^^^^^^^^^^^^^
  File "C:\Users\ernandadwi\OneDrive\Documents\Semester 5\AI\Percobaan 3\.venv\Lib\site-packages\sklearn\utils\_param_validation.py", line 213, in wrapper
    return func(*args, **kwargs)
           ^^^^^^^^^^^^^^^^^^^^^
  File "C:\Users\ernandadwi\OneDrive\Documents\Semester 5\AI\Percobaan 3\.venv\Lib\site-packages\sklearn\metrics\_ranking.py", line 634, in roc_auc_score
    return _multiclass_roc_auc_score(
           ^^^^^^^^^^^^^^^^^^^^^^^^^^
  File "C:\Users\ernandadwi\OneDrive\Documents\Semester 5\AI\Percobaan 3\.venv\Lib\site-packages\sklearn\metrics\_ranking.py", line 707, in _multiclass_roc_auc_score
    raise ValueError(
ValueError: Target scores need to be probabilities for multiclass roc_auc, i.e. they should sum up to 1.0 over classes

  warnings.warn(

2026-09-17 17:37:40,244:WARNING:C:\Users\ernandadwi\OneDrive\Documents\Semester 5\AI\Percobaan 3\.venv\Lib\site-packages\pycaret\internal\metrics.py:204: FitFailedWarning: Metric 'make_scorer(roc_auc_score, response_method=('decision_function', 'predict_proba'), average=weighted, multi_class=ovr)' failed and error score 0.0 has been returned instead. If this is a custom metric, this usually means that the error is in the metric code. Full exception below:
Traceback (most recent call last):
  File "C:\Users\ernandadwi\OneDrive\Documents\Semester 5\AI\Percobaan 3\.venv\Lib\site-packages\pycaret\internal\metrics.py", line 196, in _score
    return super()._score(
           ^^^^^^^^^^^^^^^
  File "C:\Users\ernandadwi\OneDrive\Documents\Semester 5\AI\Percobaan 3\.venv\Lib\site-packages\sklearn\metrics\_scorer.py", line 350, in _score
    return self._sign * self._score_func(y_true, y_pred, **scoring_kwargs)
                        ^^^^^^^^^^^^^^^^^^^^^^^^^^^^^^^^^^^^^^^^^^^^^^^^^^
  File "C:\Users\ernandadwi\OneDrive\Documents\Semester 5\AI\Percobaan 3\.venv\Lib\site-packages\pycaret\internal\metrics.py", line 144, in __call__
    return self.score_func(y_true, y_pred, **kwargs)
           ^^^^^^^^^^^^^^^^^^^^^^^^^^^^^^^^^^^^^^^^^
  File "C:\Users\ernandadwi\OneDrive\Documents\Semester 5\AI\Percobaan 3\.venv\Lib\site-packages\sklearn\utils\_param_validation.py", line 213, in wrapper
    return func(*args, **kwargs)
           ^^^^^^^^^^^^^^^^^^^^^
  File "C:\Users\ernandadwi\OneDrive\Documents\Semester 5\AI\Percobaan 3\.venv\Lib\site-packages\sklearn\metrics\_ranking.py", line 634, in roc_auc_score
    return _multiclass_roc_auc_score(
           ^^^^^^^^^^^^^^^^^^^^^^^^^^
  File "C:\Users\ernandadwi\OneDrive\Documents\Semester 5\AI\Percobaan 3\.venv\Lib\site-packages\sklearn\metrics\_ranking.py", line 707, in _multiclass_roc_auc_score
    raise ValueError(
ValueError: Target scores need to be probabilities for multiclass roc_auc, i.e. they should sum up to 1.0 over classes

  warnings.warn(

2026-09-17 17:37:40,245:WARNING:C:\Users\ernandadwi\OneDrive\Documents\Semester 5\AI\Percobaan 3\.venv\Lib\site-packages\sklearn\metrics\_classification.py:1509: UndefinedMetricWarning: Precision is ill-defined and being set to 0.0 in labels with no predicted samples. Use `zero_division` parameter to control this behavior.
  _warn_prf(average, modifier, f"{metric.capitalize()} is", len(result))

2026-09-17 17:37:40,248:WARNING:C:\Users\ernandadwi\OneDrive\Documents\Semester 5\AI\Percobaan 3\.venv\Lib\site-packages\sklearn\metrics\_classification.py:1509: UndefinedMetricWarning: Precision is ill-defined and being set to 0.0 in labels with no predicted samples. Use `zero_division` parameter to control this behavior.
  _warn_prf(average, modifier, f"{metric.capitalize()} is", len(result))

2026-09-17 17:37:40,257:INFO:Calculating mean and std
2026-09-17 17:37:40,258:INFO:Creating metrics dataframe
2026-09-17 17:37:40,259:INFO:Uploading results into container
2026-09-17 17:37:40,259:INFO:Uploading model into container now
2026-09-17 17:37:40,259:INFO:_master_model_container: 5
2026-09-17 17:37:40,259:INFO:_display_container: 2
2026-09-17 17:37:40,260:INFO:SGDClassifier(alpha=0.0001, average=False, class_weight=None,
              early_stopping=False, epsilon=0.1, eta0=0.001, fit_intercept=True,
              l1_ratio=0.15, learning_rate='optimal', loss='hinge',
              max_iter=1000, n_iter_no_change=5, n_jobs=-1, penalty='l2',
              power_t=0.5, random_state=7197, shuffle=True, tol=0.001,
              validation_fraction=0.1, verbose=0, warm_start=False)
2026-09-17 17:37:40,260:INFO:create_model() successfully completed......................................
2026-09-17 17:37:40,308:INFO:SubProcess create_model() end ==================================
2026-09-17 17:37:40,308:INFO:Creating metrics dataframe
2026-09-17 17:37:40,310:INFO:Initializing Ridge Classifier
2026-09-17 17:37:40,310:INFO:Total runtime is 0.10606977144877115 minutes
2026-09-17 17:37:40,310:INFO:SubProcess create_model() called ==================================
2026-09-17 17:37:40,310:INFO:Initializing create_model()
2026-09-17 17:37:40,310:INFO:create_model(self=<pycaret.classification.oop.ClassificationExperiment object at 0x000001397CB66ED0>, estimator=ridge, fold=StratifiedKFold(n_splits=10, random_state=None, shuffle=False), round=4, cross_validation=True, predict=True, fit_kwargs={}, groups=None, refit=False, probability_threshold=None, experiment_custom_tags=None, verbose=False, system=False, add_to_model_list=True, metrics=None, display=<pycaret.internal.display.display.CommonDisplay object at 0x0000013923A66650>, model_only=True, return_train_score=False, error_score=0.0, kwargs={})
2026-09-17 17:37:40,310:INFO:Checking exceptions
2026-09-17 17:37:40,310:INFO:Importing libraries
2026-09-17 17:37:40,310:INFO:Copying training dataset
2026-09-17 17:37:40,311:INFO:Defining folds
2026-09-17 17:37:40,311:INFO:Declaring metric variables
2026-09-17 17:37:40,311:INFO:Importing untrained model
2026-09-17 17:37:40,312:INFO:Ridge Classifier Imported successfully
2026-09-17 17:37:40,312:INFO:Starting cross validation
2026-09-17 17:37:40,312:INFO:Cross validating with StratifiedKFold(n_splits=10, random_state=None, shuffle=False), n_jobs=-1
2026-09-17 17:37:40,332:WARNING:C:\Users\ernandadwi\OneDrive\Documents\Semester 5\AI\Percobaan 3\.venv\Lib\site-packages\pycaret\internal\metrics.py:204: FitFailedWarning: Metric 'make_scorer(roc_auc_score, response_method=('decision_function', 'predict_proba'), average=weighted, multi_class=ovr)' failed and error score 0.0 has been returned instead. If this is a custom metric, this usually means that the error is in the metric code. Full exception below:
Traceback (most recent call last):
  File "C:\Users\ernandadwi\OneDrive\Documents\Semester 5\AI\Percobaan 3\.venv\Lib\site-packages\pycaret\internal\metrics.py", line 196, in _score
    return super()._score(
           ^^^^^^^^^^^^^^^
  File "C:\Users\ernandadwi\OneDrive\Documents\Semester 5\AI\Percobaan 3\.venv\Lib\site-packages\sklearn\metrics\_scorer.py", line 350, in _score
    return self._sign * self._score_func(y_true, y_pred, **scoring_kwargs)
                        ^^^^^^^^^^^^^^^^^^^^^^^^^^^^^^^^^^^^^^^^^^^^^^^^^^
  File "C:\Users\ernandadwi\OneDrive\Documents\Semester 5\AI\Percobaan 3\.venv\Lib\site-packages\pycaret\internal\metrics.py", line 144, in __call__
    return self.score_func(y_true, y_pred, **kwargs)
           ^^^^^^^^^^^^^^^^^^^^^^^^^^^^^^^^^^^^^^^^^
  File "C:\Users\ernandadwi\OneDrive\Documents\Semester 5\AI\Percobaan 3\.venv\Lib\site-packages\sklearn\utils\_param_validation.py", line 213, in wrapper
    return func(*args, **kwargs)
           ^^^^^^^^^^^^^^^^^^^^^
  File "C:\Users\ernandadwi\OneDrive\Documents\Semester 5\AI\Percobaan 3\.venv\Lib\site-packages\sklearn\metrics\_ranking.py", line 634, in roc_auc_score
    return _multiclass_roc_auc_score(
           ^^^^^^^^^^^^^^^^^^^^^^^^^^
  File "C:\Users\ernandadwi\OneDrive\Documents\Semester 5\AI\Percobaan 3\.venv\Lib\site-packages\sklearn\metrics\_ranking.py", line 707, in _multiclass_roc_auc_score
    raise ValueError(
ValueError: Target scores need to be probabilities for multiclass roc_auc, i.e. they should sum up to 1.0 over classes

  warnings.warn(

2026-09-17 17:37:40,332:WARNING:C:\Users\ernandadwi\OneDrive\Documents\Semester 5\AI\Percobaan 3\.venv\Lib\site-packages\pycaret\internal\metrics.py:204: FitFailedWarning: Metric 'make_scorer(roc_auc_score, response_method=('decision_function', 'predict_proba'), average=weighted, multi_class=ovr)' failed and error score 0.0 has been returned instead. If this is a custom metric, this usually means that the error is in the metric code. Full exception below:
Traceback (most recent call last):
  File "C:\Users\ernandadwi\OneDrive\Documents\Semester 5\AI\Percobaan 3\.venv\Lib\site-packages\pycaret\internal\metrics.py", line 196, in _score
    return super()._score(
           ^^^^^^^^^^^^^^^
  File "C:\Users\ernandadwi\OneDrive\Documents\Semester 5\AI\Percobaan 3\.venv\Lib\site-packages\sklearn\metrics\_scorer.py", line 350, in _score
    return self._sign * self._score_func(y_true, y_pred, **scoring_kwargs)
                        ^^^^^^^^^^^^^^^^^^^^^^^^^^^^^^^^^^^^^^^^^^^^^^^^^^
  File "C:\Users\ernandadwi\OneDrive\Documents\Semester 5\AI\Percobaan 3\.venv\Lib\site-packages\pycaret\internal\metrics.py", line 144, in __call__
    return self.score_func(y_true, y_pred, **kwargs)
           ^^^^^^^^^^^^^^^^^^^^^^^^^^^^^^^^^^^^^^^^^
  File "C:\Users\ernandadwi\OneDrive\Documents\Semester 5\AI\Percobaan 3\.venv\Lib\site-packages\sklearn\utils\_param_validation.py", line 213, in wrapper
    return func(*args, **kwargs)
           ^^^^^^^^^^^^^^^^^^^^^
  File "C:\Users\ernandadwi\OneDrive\Documents\Semester 5\AI\Percobaan 3\.venv\Lib\site-packages\sklearn\metrics\_ranking.py", line 634, in roc_auc_score
    return _multiclass_roc_auc_score(
           ^^^^^^^^^^^^^^^^^^^^^^^^^^
  File "C:\Users\ernandadwi\OneDrive\Documents\Semester 5\AI\Percobaan 3\.venv\Lib\site-packages\sklearn\metrics\_ranking.py", line 707, in _multiclass_roc_auc_score
    raise ValueError(
ValueError: Target scores need to be probabilities for multiclass roc_auc, i.e. they should sum up to 1.0 over classes

  warnings.warn(

2026-09-17 17:37:40,332:WARNING:C:\Users\ernandadwi\OneDrive\Documents\Semester 5\AI\Percobaan 3\.venv\Lib\site-packages\pycaret\internal\metrics.py:204: FitFailedWarning: Metric 'make_scorer(roc_auc_score, response_method=('decision_function', 'predict_proba'), average=weighted, multi_class=ovr)' failed and error score 0.0 has been returned instead. If this is a custom metric, this usually means that the error is in the metric code. Full exception below:
Traceback (most recent call last):
  File "C:\Users\ernandadwi\OneDrive\Documents\Semester 5\AI\Percobaan 3\.venv\Lib\site-packages\pycaret\internal\metrics.py", line 196, in _score
    return super()._score(
           ^^^^^^^^^^^^^^^
  File "C:\Users\ernandadwi\OneDrive\Documents\Semester 5\AI\Percobaan 3\.venv\Lib\site-packages\sklearn\metrics\_scorer.py", line 350, in _score
    return self._sign * self._score_func(y_true, y_pred, **scoring_kwargs)
                        ^^^^^^^^^^^^^^^^^^^^^^^^^^^^^^^^^^^^^^^^^^^^^^^^^^
  File "C:\Users\ernandadwi\OneDrive\Documents\Semester 5\AI\Percobaan 3\.venv\Lib\site-packages\pycaret\internal\metrics.py", line 144, in __call__
    return self.score_func(y_true, y_pred, **kwargs)
           ^^^^^^^^^^^^^^^^^^^^^^^^^^^^^^^^^^^^^^^^^
  File "C:\Users\ernandadwi\OneDrive\Documents\Semester 5\AI\Percobaan 3\.venv\Lib\site-packages\sklearn\utils\_param_validation.py", line 213, in wrapper
    return func(*args, **kwargs)
           ^^^^^^^^^^^^^^^^^^^^^
  File "C:\Users\ernandadwi\OneDrive\Documents\Semester 5\AI\Percobaan 3\.venv\Lib\site-packages\sklearn\metrics\_ranking.py", line 634, in roc_auc_score
    return _multiclass_roc_auc_score(
           ^^^^^^^^^^^^^^^^^^^^^^^^^^
  File "C:\Users\ernandadwi\OneDrive\Documents\Semester 5\AI\Percobaan 3\.venv\Lib\site-packages\sklearn\metrics\_ranking.py", line 707, in _multiclass_roc_auc_score
    raise ValueError(
ValueError: Target scores need to be probabilities for multiclass roc_auc, i.e. they should sum up to 1.0 over classes

  warnings.warn(

2026-09-17 17:37:40,332:WARNING:C:\Users\ernandadwi\OneDrive\Documents\Semester 5\AI\Percobaan 3\.venv\Lib\site-packages\pycaret\internal\metrics.py:204: FitFailedWarning: Metric 'make_scorer(roc_auc_score, response_method=('decision_function', 'predict_proba'), average=weighted, multi_class=ovr)' failed and error score 0.0 has been returned instead. If this is a custom metric, this usually means that the error is in the metric code. Full exception below:
Traceback (most recent call last):
  File "C:\Users\ernandadwi\OneDrive\Documents\Semester 5\AI\Percobaan 3\.venv\Lib\site-packages\pycaret\internal\metrics.py", line 196, in _score
    return super()._score(
           ^^^^^^^^^^^^^^^
  File "C:\Users\ernandadwi\OneDrive\Documents\Semester 5\AI\Percobaan 3\.venv\Lib\site-packages\sklearn\metrics\_scorer.py", line 350, in _score
    return self._sign * self._score_func(y_true, y_pred, **scoring_kwargs)
                        ^^^^^^^^^^^^^^^^^^^^^^^^^^^^^^^^^^^^^^^^^^^^^^^^^^
  File "C:\Users\ernandadwi\OneDrive\Documents\Semester 5\AI\Percobaan 3\.venv\Lib\site-packages\pycaret\internal\metrics.py", line 144, in __call__
    return self.score_func(y_true, y_pred, **kwargs)
           ^^^^^^^^^^^^^^^^^^^^^^^^^^^^^^^^^^^^^^^^^
  File "C:\Users\ernandadwi\OneDrive\Documents\Semester 5\AI\Percobaan 3\.venv\Lib\site-packages\sklearn\utils\_param_validation.py", line 213, in wrapper
    return func(*args, **kwargs)
           ^^^^^^^^^^^^^^^^^^^^^
  File "C:\Users\ernandadwi\OneDrive\Documents\Semester 5\AI\Percobaan 3\.venv\Lib\site-packages\sklearn\metrics\_ranking.py", line 634, in roc_auc_score
    return _multiclass_roc_auc_score(
           ^^^^^^^^^^^^^^^^^^^^^^^^^^
  File "C:\Users\ernandadwi\OneDrive\Documents\Semester 5\AI\Percobaan 3\.venv\Lib\site-packages\sklearn\metrics\_ranking.py", line 707, in _multiclass_roc_auc_score
    raise ValueError(
ValueError: Target scores need to be probabilities for multiclass roc_auc, i.e. they should sum up to 1.0 over classes

  warnings.warn(

2026-09-17 17:37:40,333:WARNING:C:\Users\ernandadwi\OneDrive\Documents\Semester 5\AI\Percobaan 3\.venv\Lib\site-packages\pycaret\internal\metrics.py:204: FitFailedWarning: Metric 'make_scorer(roc_auc_score, response_method=('decision_function', 'predict_proba'), average=weighted, multi_class=ovr)' failed and error score 0.0 has been returned instead. If this is a custom metric, this usually means that the error is in the metric code. Full exception below:
Traceback (most recent call last):
  File "C:\Users\ernandadwi\OneDrive\Documents\Semester 5\AI\Percobaan 3\.venv\Lib\site-packages\pycaret\internal\metrics.py", line 196, in _score
    return super()._score(
           ^^^^^^^^^^^^^^^
  File "C:\Users\ernandadwi\OneDrive\Documents\Semester 5\AI\Percobaan 3\.venv\Lib\site-packages\sklearn\metrics\_scorer.py", line 350, in _score
    return self._sign * self._score_func(y_true, y_pred, **scoring_kwargs)
                        ^^^^^^^^^^^^^^^^^^^^^^^^^^^^^^^^^^^^^^^^^^^^^^^^^^
  File "C:\Users\ernandadwi\OneDrive\Documents\Semester 5\AI\Percobaan 3\.venv\Lib\site-packages\pycaret\internal\metrics.py", line 144, in __call__
    return self.score_func(y_true, y_pred, **kwargs)
           ^^^^^^^^^^^^^^^^^^^^^^^^^^^^^^^^^^^^^^^^^
  File "C:\Users\ernandadwi\OneDrive\Documents\Semester 5\AI\Percobaan 3\.venv\Lib\site-packages\sklearn\utils\_param_validation.py", line 213, in wrapper
    return func(*args, **kwargs)
           ^^^^^^^^^^^^^^^^^^^^^
  File "C:\Users\ernandadwi\OneDrive\Documents\Semester 5\AI\Percobaan 3\.venv\Lib\site-packages\sklearn\metrics\_ranking.py", line 634, in roc_auc_score
    return _multiclass_roc_auc_score(
           ^^^^^^^^^^^^^^^^^^^^^^^^^^
  File "C:\Users\ernandadwi\OneDrive\Documents\Semester 5\AI\Percobaan 3\.venv\Lib\site-packages\sklearn\metrics\_ranking.py", line 707, in _multiclass_roc_auc_score
    raise ValueError(
ValueError: Target scores need to be probabilities for multiclass roc_auc, i.e. they should sum up to 1.0 over classes

  warnings.warn(

2026-09-17 17:37:40,334:WARNING:C:\Users\ernandadwi\OneDrive\Documents\Semester 5\AI\Percobaan 3\.venv\Lib\site-packages\pycaret\internal\metrics.py:204: FitFailedWarning: Metric 'make_scorer(roc_auc_score, response_method=('decision_function', 'predict_proba'), average=weighted, multi_class=ovr)' failed and error score 0.0 has been returned instead. If this is a custom metric, this usually means that the error is in the metric code. Full exception below:
Traceback (most recent call last):
  File "C:\Users\ernandadwi\OneDrive\Documents\Semester 5\AI\Percobaan 3\.venv\Lib\site-packages\pycaret\internal\metrics.py", line 196, in _score
    return super()._score(
           ^^^^^^^^^^^^^^^
  File "C:\Users\ernandadwi\OneDrive\Documents\Semester 5\AI\Percobaan 3\.venv\Lib\site-packages\sklearn\metrics\_scorer.py", line 350, in _score
    return self._sign * self._score_func(y_true, y_pred, **scoring_kwargs)
                        ^^^^^^^^^^^^^^^^^^^^^^^^^^^^^^^^^^^^^^^^^^^^^^^^^^
  File "C:\Users\ernandadwi\OneDrive\Documents\Semester 5\AI\Percobaan 3\.venv\Lib\site-packages\pycaret\internal\metrics.py", line 144, in __call__
    return self.score_func(y_true, y_pred, **kwargs)
           ^^^^^^^^^^^^^^^^^^^^^^^^^^^^^^^^^^^^^^^^^
  File "C:\Users\ernandadwi\OneDrive\Documents\Semester 5\AI\Percobaan 3\.venv\Lib\site-packages\sklearn\utils\_param_validation.py", line 213, in wrapper
    return func(*args, **kwargs)
           ^^^^^^^^^^^^^^^^^^^^^
  File "C:\Users\ernandadwi\OneDrive\Documents\Semester 5\AI\Percobaan 3\.venv\Lib\site-packages\sklearn\metrics\_ranking.py", line 634, in roc_auc_score
    return _multiclass_roc_auc_score(
           ^^^^^^^^^^^^^^^^^^^^^^^^^^
  File "C:\Users\ernandadwi\OneDrive\Documents\Semester 5\AI\Percobaan 3\.venv\Lib\site-packages\sklearn\metrics\_ranking.py", line 707, in _multiclass_roc_auc_score
    raise ValueError(
ValueError: Target scores need to be probabilities for multiclass roc_auc, i.e. they should sum up to 1.0 over classes

  warnings.warn(

2026-09-17 17:37:40,337:WARNING:C:\Users\ernandadwi\OneDrive\Documents\Semester 5\AI\Percobaan 3\.venv\Lib\site-packages\pycaret\internal\metrics.py:204: FitFailedWarning: Metric 'make_scorer(roc_auc_score, response_method=('decision_function', 'predict_proba'), average=weighted, multi_class=ovr)' failed and error score 0.0 has been returned instead. If this is a custom metric, this usually means that the error is in the metric code. Full exception below:
Traceback (most recent call last):
  File "C:\Users\ernandadwi\OneDrive\Documents\Semester 5\AI\Percobaan 3\.venv\Lib\site-packages\pycaret\internal\metrics.py", line 196, in _score
    return super()._score(
           ^^^^^^^^^^^^^^^
  File "C:\Users\ernandadwi\OneDrive\Documents\Semester 5\AI\Percobaan 3\.venv\Lib\site-packages\sklearn\metrics\_scorer.py", line 350, in _score
    return self._sign * self._score_func(y_true, y_pred, **scoring_kwargs)
                        ^^^^^^^^^^^^^^^^^^^^^^^^^^^^^^^^^^^^^^^^^^^^^^^^^^
  File "C:\Users\ernandadwi\OneDrive\Documents\Semester 5\AI\Percobaan 3\.venv\Lib\site-packages\pycaret\internal\metrics.py", line 144, in __call__
    return self.score_func(y_true, y_pred, **kwargs)
           ^^^^^^^^^^^^^^^^^^^^^^^^^^^^^^^^^^^^^^^^^
  File "C:\Users\ernandadwi\OneDrive\Documents\Semester 5\AI\Percobaan 3\.venv\Lib\site-packages\sklearn\utils\_param_validation.py", line 213, in wrapper
    return func(*args, **kwargs)
           ^^^^^^^^^^^^^^^^^^^^^
  File "C:\Users\ernandadwi\OneDrive\Documents\Semester 5\AI\Percobaan 3\.venv\Lib\site-packages\sklearn\metrics\_ranking.py", line 634, in roc_auc_score
    return _multiclass_roc_auc_score(
           ^^^^^^^^^^^^^^^^^^^^^^^^^^
  File "C:\Users\ernandadwi\OneDrive\Documents\Semester 5\AI\Percobaan 3\.venv\Lib\site-packages\sklearn\metrics\_ranking.py", line 707, in _multiclass_roc_auc_score
    raise ValueError(
ValueError: Target scores need to be probabilities for multiclass roc_auc, i.e. they should sum up to 1.0 over classes

  warnings.warn(

2026-09-17 17:37:40,338:WARNING:C:\Users\ernandadwi\OneDrive\Documents\Semester 5\AI\Percobaan 3\.venv\Lib\site-packages\pycaret\internal\metrics.py:204: FitFailedWarning: Metric 'make_scorer(roc_auc_score, response_method=('decision_function', 'predict_proba'), average=weighted, multi_class=ovr)' failed and error score 0.0 has been returned instead. If this is a custom metric, this usually means that the error is in the metric code. Full exception below:
Traceback (most recent call last):
  File "C:\Users\ernandadwi\OneDrive\Documents\Semester 5\AI\Percobaan 3\.venv\Lib\site-packages\pycaret\internal\metrics.py", line 196, in _score
    return super()._score(
           ^^^^^^^^^^^^^^^
  File "C:\Users\ernandadwi\OneDrive\Documents\Semester 5\AI\Percobaan 3\.venv\Lib\site-packages\sklearn\metrics\_scorer.py", line 350, in _score
    return self._sign * self._score_func(y_true, y_pred, **scoring_kwargs)
                        ^^^^^^^^^^^^^^^^^^^^^^^^^^^^^^^^^^^^^^^^^^^^^^^^^^
  File "C:\Users\ernandadwi\OneDrive\Documents\Semester 5\AI\Percobaan 3\.venv\Lib\site-packages\pycaret\internal\metrics.py", line 144, in __call__
    return self.score_func(y_true, y_pred, **kwargs)
           ^^^^^^^^^^^^^^^^^^^^^^^^^^^^^^^^^^^^^^^^^
  File "C:\Users\ernandadwi\OneDrive\Documents\Semester 5\AI\Percobaan 3\.venv\Lib\site-packages\sklearn\utils\_param_validation.py", line 213, in wrapper
    return func(*args, **kwargs)
           ^^^^^^^^^^^^^^^^^^^^^
  File "C:\Users\ernandadwi\OneDrive\Documents\Semester 5\AI\Percobaan 3\.venv\Lib\site-packages\sklearn\metrics\_ranking.py", line 634, in roc_auc_score
    return _multiclass_roc_auc_score(
           ^^^^^^^^^^^^^^^^^^^^^^^^^^
  File "C:\Users\ernandadwi\OneDrive\Documents\Semester 5\AI\Percobaan 3\.venv\Lib\site-packages\sklearn\metrics\_ranking.py", line 707, in _multiclass_roc_auc_score
    raise ValueError(
ValueError: Target scores need to be probabilities for multiclass roc_auc, i.e. they should sum up to 1.0 over classes

  warnings.warn(

2026-09-17 17:37:40,339:WARNING:C:\Users\ernandadwi\OneDrive\Documents\Semester 5\AI\Percobaan 3\.venv\Lib\site-packages\pycaret\internal\metrics.py:204: FitFailedWarning: Metric 'make_scorer(roc_auc_score, response_method=('decision_function', 'predict_proba'), average=weighted, multi_class=ovr)' failed and error score 0.0 has been returned instead. If this is a custom metric, this usually means that the error is in the metric code. Full exception below:
Traceback (most recent call last):
  File "C:\Users\ernandadwi\OneDrive\Documents\Semester 5\AI\Percobaan 3\.venv\Lib\site-packages\pycaret\internal\metrics.py", line 196, in _score
    return super()._score(
           ^^^^^^^^^^^^^^^
  File "C:\Users\ernandadwi\OneDrive\Documents\Semester 5\AI\Percobaan 3\.venv\Lib\site-packages\sklearn\metrics\_scorer.py", line 350, in _score
    return self._sign * self._score_func(y_true, y_pred, **scoring_kwargs)
                        ^^^^^^^^^^^^^^^^^^^^^^^^^^^^^^^^^^^^^^^^^^^^^^^^^^
  File "C:\Users\ernandadwi\OneDrive\Documents\Semester 5\AI\Percobaan 3\.venv\Lib\site-packages\pycaret\internal\metrics.py", line 144, in __call__
    return self.score_func(y_true, y_pred, **kwargs)
           ^^^^^^^^^^^^^^^^^^^^^^^^^^^^^^^^^^^^^^^^^
  File "C:\Users\ernandadwi\OneDrive\Documents\Semester 5\AI\Percobaan 3\.venv\Lib\site-packages\sklearn\utils\_param_validation.py", line 213, in wrapper
    return func(*args, **kwargs)
           ^^^^^^^^^^^^^^^^^^^^^
  File "C:\Users\ernandadwi\OneDrive\Documents\Semester 5\AI\Percobaan 3\.venv\Lib\site-packages\sklearn\metrics\_ranking.py", line 634, in roc_auc_score
    return _multiclass_roc_auc_score(
           ^^^^^^^^^^^^^^^^^^^^^^^^^^
  File "C:\Users\ernandadwi\OneDrive\Documents\Semester 5\AI\Percobaan 3\.venv\Lib\site-packages\sklearn\metrics\_ranking.py", line 707, in _multiclass_roc_auc_score
    raise ValueError(
ValueError: Target scores need to be probabilities for multiclass roc_auc, i.e. they should sum up to 1.0 over classes

  warnings.warn(

2026-09-17 17:37:40,347:INFO:Calculating mean and std
2026-09-17 17:37:40,347:INFO:Creating metrics dataframe
2026-09-17 17:37:40,348:INFO:Uploading results into container
2026-09-17 17:37:40,348:INFO:Uploading model into container now
2026-09-17 17:37:40,349:INFO:_master_model_container: 6
2026-09-17 17:37:40,349:INFO:_display_container: 2
2026-09-17 17:37:40,349:INFO:RidgeClassifier(alpha=1.0, class_weight=None, copy_X=True, fit_intercept=True,
                max_iter=None, positive=False, random_state=7197, solver='auto',
                tol=0.0001)
2026-09-17 17:37:40,349:INFO:create_model() successfully completed......................................
2026-09-17 17:37:40,392:INFO:SubProcess create_model() end ==================================
2026-09-17 17:37:40,392:INFO:Creating metrics dataframe
2026-09-17 17:37:40,394:INFO:Initializing Random Forest Classifier
2026-09-17 17:37:40,394:INFO:Total runtime is 0.10747156937917073 minutes
2026-09-17 17:37:40,394:INFO:SubProcess create_model() called ==================================
2026-09-17 17:37:40,394:INFO:Initializing create_model()
2026-09-17 17:37:40,394:INFO:create_model(self=<pycaret.classification.oop.ClassificationExperiment object at 0x000001397CB66ED0>, estimator=rf, fold=StratifiedKFold(n_splits=10, random_state=None, shuffle=False), round=4, cross_validation=True, predict=True, fit_kwargs={}, groups=None, refit=False, probability_threshold=None, experiment_custom_tags=None, verbose=False, system=False, add_to_model_list=True, metrics=None, display=<pycaret.internal.display.display.CommonDisplay object at 0x0000013923A66650>, model_only=True, return_train_score=False, error_score=0.0, kwargs={})
2026-09-17 17:37:40,394:INFO:Checking exceptions
2026-09-17 17:37:40,394:INFO:Importing libraries
2026-09-17 17:37:40,394:INFO:Copying training dataset
2026-09-17 17:37:40,395:INFO:Defining folds
2026-09-17 17:37:40,395:INFO:Declaring metric variables
2026-09-17 17:37:40,395:INFO:Importing untrained model
2026-09-17 17:37:40,395:INFO:Random Forest Classifier Imported successfully
2026-09-17 17:37:40,395:INFO:Starting cross validation
2026-09-17 17:37:40,396:INFO:Cross validating with StratifiedKFold(n_splits=10, random_state=None, shuffle=False), n_jobs=-1
2026-09-17 17:37:40,610:INFO:Calculating mean and std
2026-09-17 17:37:40,610:INFO:Creating metrics dataframe
2026-09-17 17:37:40,611:INFO:Uploading results into container
2026-09-17 17:37:40,611:INFO:Uploading model into container now
2026-09-17 17:37:40,611:INFO:_master_model_container: 7
2026-09-17 17:37:40,611:INFO:_display_container: 2
2026-09-17 17:37:40,611:INFO:RandomForestClassifier(bootstrap=True, ccp_alpha=0.0, class_weight=None,
                       criterion='gini', max_depth=None, max_features='sqrt',
                       max_leaf_nodes=None, max_samples=None,
                       min_impurity_decrease=0.0, min_samples_leaf=1,
                       min_samples_split=2, min_weight_fraction_leaf=0.0,
                       monotonic_cst=None, n_estimators=100, n_jobs=-1,
                       oob_score=False, random_state=7197, verbose=0,
                       warm_start=False)
2026-09-17 17:37:40,611:INFO:create_model() successfully completed......................................
2026-09-17 17:37:40,657:INFO:SubProcess create_model() end ==================================
2026-09-17 17:37:40,657:INFO:Creating metrics dataframe
2026-09-17 17:37:40,659:INFO:Initializing Quadratic Discriminant Analysis
2026-09-17 17:37:40,659:INFO:Total runtime is 0.1118827740351359 minutes
2026-09-17 17:37:40,659:INFO:SubProcess create_model() called ==================================
2026-09-17 17:37:40,659:INFO:Initializing create_model()
2026-09-17 17:37:40,659:INFO:create_model(self=<pycaret.classification.oop.ClassificationExperiment object at 0x000001397CB66ED0>, estimator=qda, fold=StratifiedKFold(n_splits=10, random_state=None, shuffle=False), round=4, cross_validation=True, predict=True, fit_kwargs={}, groups=None, refit=False, probability_threshold=None, experiment_custom_tags=None, verbose=False, system=False, add_to_model_list=True, metrics=None, display=<pycaret.internal.display.display.CommonDisplay object at 0x0000013923A66650>, model_only=True, return_train_score=False, error_score=0.0, kwargs={})
2026-09-17 17:37:40,659:INFO:Checking exceptions
2026-09-17 17:37:40,659:INFO:Importing libraries
2026-09-17 17:37:40,659:INFO:Copying training dataset
2026-09-17 17:37:40,661:INFO:Defining folds
2026-09-17 17:37:40,661:INFO:Declaring metric variables
2026-09-17 17:37:40,661:INFO:Importing untrained model
2026-09-17 17:37:40,661:INFO:Quadratic Discriminant Analysis Imported successfully
2026-09-17 17:37:40,661:INFO:Starting cross validation
2026-09-17 17:37:40,661:INFO:Cross validating with StratifiedKFold(n_splits=10, random_state=None, shuffle=False), n_jobs=-1
2026-09-17 17:37:40,686:WARNING:C:\Users\ernandadwi\OneDrive\Documents\Semester 5\AI\Percobaan 3\.venv\Lib\site-packages\pycaret\internal\metrics.py:204: FitFailedWarning: Metric 'make_scorer(roc_auc_score, response_method=('decision_function', 'predict_proba'), average=weighted, multi_class=ovr)' failed and error score 0.0 has been returned instead. If this is a custom metric, this usually means that the error is in the metric code. Full exception below:
Traceback (most recent call last):
  File "C:\Users\ernandadwi\OneDrive\Documents\Semester 5\AI\Percobaan 3\.venv\Lib\site-packages\pycaret\internal\metrics.py", line 196, in _score
    return super()._score(
           ^^^^^^^^^^^^^^^
  File "C:\Users\ernandadwi\OneDrive\Documents\Semester 5\AI\Percobaan 3\.venv\Lib\site-packages\sklearn\metrics\_scorer.py", line 350, in _score
    return self._sign * self._score_func(y_true, y_pred, **scoring_kwargs)
                        ^^^^^^^^^^^^^^^^^^^^^^^^^^^^^^^^^^^^^^^^^^^^^^^^^^
  File "C:\Users\ernandadwi\OneDrive\Documents\Semester 5\AI\Percobaan 3\.venv\Lib\site-packages\pycaret\internal\metrics.py", line 144, in __call__
    return self.score_func(y_true, y_pred, **kwargs)
           ^^^^^^^^^^^^^^^^^^^^^^^^^^^^^^^^^^^^^^^^^
  File "C:\Users\ernandadwi\OneDrive\Documents\Semester 5\AI\Percobaan 3\.venv\Lib\site-packages\sklearn\utils\_param_validation.py", line 213, in wrapper
    return func(*args, **kwargs)
           ^^^^^^^^^^^^^^^^^^^^^
  File "C:\Users\ernandadwi\OneDrive\Documents\Semester 5\AI\Percobaan 3\.venv\Lib\site-packages\sklearn\metrics\_ranking.py", line 634, in roc_auc_score
    return _multiclass_roc_auc_score(
           ^^^^^^^^^^^^^^^^^^^^^^^^^^
  File "C:\Users\ernandadwi\OneDrive\Documents\Semester 5\AI\Percobaan 3\.venv\Lib\site-packages\sklearn\metrics\_ranking.py", line 707, in _multiclass_roc_auc_score
    raise ValueError(
ValueError: Target scores need to be probabilities for multiclass roc_auc, i.e. they should sum up to 1.0 over classes

  warnings.warn(

2026-09-17 17:37:40,686:WARNING:C:\Users\ernandadwi\OneDrive\Documents\Semester 5\AI\Percobaan 3\.venv\Lib\site-packages\pycaret\internal\metrics.py:204: FitFailedWarning: Metric 'make_scorer(roc_auc_score, response_method=('decision_function', 'predict_proba'), average=weighted, multi_class=ovr)' failed and error score 0.0 has been returned instead. If this is a custom metric, this usually means that the error is in the metric code. Full exception below:
Traceback (most recent call last):
  File "C:\Users\ernandadwi\OneDrive\Documents\Semester 5\AI\Percobaan 3\.venv\Lib\site-packages\pycaret\internal\metrics.py", line 196, in _score
    return super()._score(
           ^^^^^^^^^^^^^^^
  File "C:\Users\ernandadwi\OneDrive\Documents\Semester 5\AI\Percobaan 3\.venv\Lib\site-packages\sklearn\metrics\_scorer.py", line 350, in _score
    return self._sign * self._score_func(y_true, y_pred, **scoring_kwargs)
                        ^^^^^^^^^^^^^^^^^^^^^^^^^^^^^^^^^^^^^^^^^^^^^^^^^^
  File "C:\Users\ernandadwi\OneDrive\Documents\Semester 5\AI\Percobaan 3\.venv\Lib\site-packages\pycaret\internal\metrics.py", line 144, in __call__
    return self.score_func(y_true, y_pred, **kwargs)
           ^^^^^^^^^^^^^^^^^^^^^^^^^^^^^^^^^^^^^^^^^
  File "C:\Users\ernandadwi\OneDrive\Documents\Semester 5\AI\Percobaan 3\.venv\Lib\site-packages\sklearn\utils\_param_validation.py", line 213, in wrapper
    return func(*args, **kwargs)
           ^^^^^^^^^^^^^^^^^^^^^
  File "C:\Users\ernandadwi\OneDrive\Documents\Semester 5\AI\Percobaan 3\.venv\Lib\site-packages\sklearn\metrics\_ranking.py", line 634, in roc_auc_score
    return _multiclass_roc_auc_score(
           ^^^^^^^^^^^^^^^^^^^^^^^^^^
  File "C:\Users\ernandadwi\OneDrive\Documents\Semester 5\AI\Percobaan 3\.venv\Lib\site-packages\sklearn\metrics\_ranking.py", line 707, in _multiclass_roc_auc_score
    raise ValueError(
ValueError: Target scores need to be probabilities for multiclass roc_auc, i.e. they should sum up to 1.0 over classes

  warnings.warn(

2026-09-17 17:37:40,687:WARNING:C:\Users\ernandadwi\OneDrive\Documents\Semester 5\AI\Percobaan 3\.venv\Lib\site-packages\pycaret\internal\metrics.py:204: FitFailedWarning: Metric 'make_scorer(roc_auc_score, response_method=('decision_function', 'predict_proba'), average=weighted, multi_class=ovr)' failed and error score 0.0 has been returned instead. If this is a custom metric, this usually means that the error is in the metric code. Full exception below:
Traceback (most recent call last):
  File "C:\Users\ernandadwi\OneDrive\Documents\Semester 5\AI\Percobaan 3\.venv\Lib\site-packages\pycaret\internal\metrics.py", line 196, in _score
    return super()._score(
           ^^^^^^^^^^^^^^^
  File "C:\Users\ernandadwi\OneDrive\Documents\Semester 5\AI\Percobaan 3\.venv\Lib\site-packages\sklearn\metrics\_scorer.py", line 350, in _score
    return self._sign * self._score_func(y_true, y_pred, **scoring_kwargs)
                        ^^^^^^^^^^^^^^^^^^^^^^^^^^^^^^^^^^^^^^^^^^^^^^^^^^
  File "C:\Users\ernandadwi\OneDrive\Documents\Semester 5\AI\Percobaan 3\.venv\Lib\site-packages\pycaret\internal\metrics.py", line 144, in __call__
    return self.score_func(y_true, y_pred, **kwargs)
           ^^^^^^^^^^^^^^^^^^^^^^^^^^^^^^^^^^^^^^^^^
  File "C:\Users\ernandadwi\OneDrive\Documents\Semester 5\AI\Percobaan 3\.venv\Lib\site-packages\sklearn\utils\_param_validation.py", line 213, in wrapper
    return func(*args, **kwargs)
           ^^^^^^^^^^^^^^^^^^^^^
  File "C:\Users\ernandadwi\OneDrive\Documents\Semester 5\AI\Percobaan 3\.venv\Lib\site-packages\sklearn\metrics\_ranking.py", line 634, in roc_auc_score
    return _multiclass_roc_auc_score(
           ^^^^^^^^^^^^^^^^^^^^^^^^^^
  File "C:\Users\ernandadwi\OneDrive\Documents\Semester 5\AI\Percobaan 3\.venv\Lib\site-packages\sklearn\metrics\_ranking.py", line 707, in _multiclass_roc_auc_score
    raise ValueError(
ValueError: Target scores need to be probabilities for multiclass roc_auc, i.e. they should sum up to 1.0 over classes

  warnings.warn(

2026-09-17 17:37:40,687:WARNING:C:\Users\ernandadwi\OneDrive\Documents\Semester 5\AI\Percobaan 3\.venv\Lib\site-packages\pycaret\internal\metrics.py:204: FitFailedWarning: Metric 'make_scorer(roc_auc_score, response_method=('decision_function', 'predict_proba'), average=weighted, multi_class=ovr)' failed and error score 0.0 has been returned instead. If this is a custom metric, this usually means that the error is in the metric code. Full exception below:
Traceback (most recent call last):
  File "C:\Users\ernandadwi\OneDrive\Documents\Semester 5\AI\Percobaan 3\.venv\Lib\site-packages\pycaret\internal\metrics.py", line 196, in _score
    return super()._score(
           ^^^^^^^^^^^^^^^
  File "C:\Users\ernandadwi\OneDrive\Documents\Semester 5\AI\Percobaan 3\.venv\Lib\site-packages\sklearn\metrics\_scorer.py", line 350, in _score
    return self._sign * self._score_func(y_true, y_pred, **scoring_kwargs)
                        ^^^^^^^^^^^^^^^^^^^^^^^^^^^^^^^^^^^^^^^^^^^^^^^^^^
  File "C:\Users\ernandadwi\OneDrive\Documents\Semester 5\AI\Percobaan 3\.venv\Lib\site-packages\pycaret\internal\metrics.py", line 144, in __call__
    return self.score_func(y_true, y_pred, **kwargs)
           ^^^^^^^^^^^^^^^^^^^^^^^^^^^^^^^^^^^^^^^^^
  File "C:\Users\ernandadwi\OneDrive\Documents\Semester 5\AI\Percobaan 3\.venv\Lib\site-packages\sklearn\utils\_param_validation.py", line 213, in wrapper
    return func(*args, **kwargs)
           ^^^^^^^^^^^^^^^^^^^^^
  File "C:\Users\ernandadwi\OneDrive\Documents\Semester 5\AI\Percobaan 3\.venv\Lib\site-packages\sklearn\metrics\_ranking.py", line 634, in roc_auc_score
    return _multiclass_roc_auc_score(
           ^^^^^^^^^^^^^^^^^^^^^^^^^^
  File "C:\Users\ernandadwi\OneDrive\Documents\Semester 5\AI\Percobaan 3\.venv\Lib\site-packages\sklearn\metrics\_ranking.py", line 707, in _multiclass_roc_auc_score
    raise ValueError(
ValueError: Target scores need to be probabilities for multiclass roc_auc, i.e. they should sum up to 1.0 over classes

  warnings.warn(

2026-09-17 17:37:40,687:WARNING:C:\Users\ernandadwi\OneDrive\Documents\Semester 5\AI\Percobaan 3\.venv\Lib\site-packages\pycaret\internal\metrics.py:204: FitFailedWarning: Metric 'make_scorer(roc_auc_score, response_method=('decision_function', 'predict_proba'), average=weighted, multi_class=ovr)' failed and error score 0.0 has been returned instead. If this is a custom metric, this usually means that the error is in the metric code. Full exception below:
Traceback (most recent call last):
  File "C:\Users\ernandadwi\OneDrive\Documents\Semester 5\AI\Percobaan 3\.venv\Lib\site-packages\pycaret\internal\metrics.py", line 196, in _score
    return super()._score(
           ^^^^^^^^^^^^^^^
  File "C:\Users\ernandadwi\OneDrive\Documents\Semester 5\AI\Percobaan 3\.venv\Lib\site-packages\sklearn\metrics\_scorer.py", line 350, in _score
    return self._sign * self._score_func(y_true, y_pred, **scoring_kwargs)
                        ^^^^^^^^^^^^^^^^^^^^^^^^^^^^^^^^^^^^^^^^^^^^^^^^^^
  File "C:\Users\ernandadwi\OneDrive\Documents\Semester 5\AI\Percobaan 3\.venv\Lib\site-packages\pycaret\internal\metrics.py", line 144, in __call__
    return self.score_func(y_true, y_pred, **kwargs)
           ^^^^^^^^^^^^^^^^^^^^^^^^^^^^^^^^^^^^^^^^^
  File "C:\Users\ernandadwi\OneDrive\Documents\Semester 5\AI\Percobaan 3\.venv\Lib\site-packages\sklearn\utils\_param_validation.py", line 213, in wrapper
    return func(*args, **kwargs)
           ^^^^^^^^^^^^^^^^^^^^^
  File "C:\Users\ernandadwi\OneDrive\Documents\Semester 5\AI\Percobaan 3\.venv\Lib\site-packages\sklearn\metrics\_ranking.py", line 634, in roc_auc_score
    return _multiclass_roc_auc_score(
           ^^^^^^^^^^^^^^^^^^^^^^^^^^
  File "C:\Users\ernandadwi\OneDrive\Documents\Semester 5\AI\Percobaan 3\.venv\Lib\site-packages\sklearn\metrics\_ranking.py", line 707, in _multiclass_roc_auc_score
    raise ValueError(
ValueError: Target scores need to be probabilities for multiclass roc_auc, i.e. they should sum up to 1.0 over classes

  warnings.warn(

2026-09-17 17:37:40,687:WARNING:C:\Users\ernandadwi\OneDrive\Documents\Semester 5\AI\Percobaan 3\.venv\Lib\site-packages\pycaret\internal\metrics.py:204: FitFailedWarning: Metric 'make_scorer(roc_auc_score, response_method=('decision_function', 'predict_proba'), average=weighted, multi_class=ovr)' failed and error score 0.0 has been returned instead. If this is a custom metric, this usually means that the error is in the metric code. Full exception below:
Traceback (most recent call last):
  File "C:\Users\ernandadwi\OneDrive\Documents\Semester 5\AI\Percobaan 3\.venv\Lib\site-packages\pycaret\internal\metrics.py", line 196, in _score
    return super()._score(
           ^^^^^^^^^^^^^^^
  File "C:\Users\ernandadwi\OneDrive\Documents\Semester 5\AI\Percobaan 3\.venv\Lib\site-packages\sklearn\metrics\_scorer.py", line 350, in _score
    return self._sign * self._score_func(y_true, y_pred, **scoring_kwargs)
                        ^^^^^^^^^^^^^^^^^^^^^^^^^^^^^^^^^^^^^^^^^^^^^^^^^^
  File "C:\Users\ernandadwi\OneDrive\Documents\Semester 5\AI\Percobaan 3\.venv\Lib\site-packages\pycaret\internal\metrics.py", line 144, in __call__
    return self.score_func(y_true, y_pred, **kwargs)
           ^^^^^^^^^^^^^^^^^^^^^^^^^^^^^^^^^^^^^^^^^
  File "C:\Users\ernandadwi\OneDrive\Documents\Semester 5\AI\Percobaan 3\.venv\Lib\site-packages\sklearn\utils\_param_validation.py", line 213, in wrapper
    return func(*args, **kwargs)
           ^^^^^^^^^^^^^^^^^^^^^
  File "C:\Users\ernandadwi\OneDrive\Documents\Semester 5\AI\Percobaan 3\.venv\Lib\site-packages\sklearn\metrics\_ranking.py", line 634, in roc_auc_score
    return _multiclass_roc_auc_score(
           ^^^^^^^^^^^^^^^^^^^^^^^^^^
  File "C:\Users\ernandadwi\OneDrive\Documents\Semester 5\AI\Percobaan 3\.venv\Lib\site-packages\sklearn\metrics\_ranking.py", line 707, in _multiclass_roc_auc_score
    raise ValueError(
ValueError: Target scores need to be probabilities for multiclass roc_auc, i.e. they should sum up to 1.0 over classes

  warnings.warn(

2026-09-17 17:37:40,687:WARNING:C:\Users\ernandadwi\OneDrive\Documents\Semester 5\AI\Percobaan 3\.venv\Lib\site-packages\pycaret\internal\metrics.py:204: FitFailedWarning: Metric 'make_scorer(roc_auc_score, response_method=('decision_function', 'predict_proba'), average=weighted, multi_class=ovr)' failed and error score 0.0 has been returned instead. If this is a custom metric, this usually means that the error is in the metric code. Full exception below:
Traceback (most recent call last):
  File "C:\Users\ernandadwi\OneDrive\Documents\Semester 5\AI\Percobaan 3\.venv\Lib\site-packages\pycaret\internal\metrics.py", line 196, in _score
    return super()._score(
           ^^^^^^^^^^^^^^^
  File "C:\Users\ernandadwi\OneDrive\Documents\Semester 5\AI\Percobaan 3\.venv\Lib\site-packages\sklearn\metrics\_scorer.py", line 350, in _score
    return self._sign * self._score_func(y_true, y_pred, **scoring_kwargs)
                        ^^^^^^^^^^^^^^^^^^^^^^^^^^^^^^^^^^^^^^^^^^^^^^^^^^
  File "C:\Users\ernandadwi\OneDrive\Documents\Semester 5\AI\Percobaan 3\.venv\Lib\site-packages\pycaret\internal\metrics.py", line 144, in __call__
    return self.score_func(y_true, y_pred, **kwargs)
           ^^^^^^^^^^^^^^^^^^^^^^^^^^^^^^^^^^^^^^^^^
  File "C:\Users\ernandadwi\OneDrive\Documents\Semester 5\AI\Percobaan 3\.venv\Lib\site-packages\sklearn\utils\_param_validation.py", line 213, in wrapper
    return func(*args, **kwargs)
           ^^^^^^^^^^^^^^^^^^^^^
  File "C:\Users\ernandadwi\OneDrive\Documents\Semester 5\AI\Percobaan 3\.venv\Lib\site-packages\sklearn\metrics\_ranking.py", line 634, in roc_auc_score
    return _multiclass_roc_auc_score(
           ^^^^^^^^^^^^^^^^^^^^^^^^^^
  File "C:\Users\ernandadwi\OneDrive\Documents\Semester 5\AI\Percobaan 3\.venv\Lib\site-packages\sklearn\metrics\_ranking.py", line 707, in _multiclass_roc_auc_score
    raise ValueError(
ValueError: Target scores need to be probabilities for multiclass roc_auc, i.e. they should sum up to 1.0 over classes

  warnings.warn(

2026-09-17 17:37:40,687:WARNING:C:\Users\ernandadwi\OneDrive\Documents\Semester 5\AI\Percobaan 3\.venv\Lib\site-packages\pycaret\internal\metrics.py:204: FitFailedWarning: Metric 'make_scorer(roc_auc_score, response_method=('decision_function', 'predict_proba'), average=weighted, multi_class=ovr)' failed and error score 0.0 has been returned instead. If this is a custom metric, this usually means that the error is in the metric code. Full exception below:
Traceback (most recent call last):
  File "C:\Users\ernandadwi\OneDrive\Documents\Semester 5\AI\Percobaan 3\.venv\Lib\site-packages\pycaret\internal\metrics.py", line 196, in _score
    return super()._score(
           ^^^^^^^^^^^^^^^
  File "C:\Users\ernandadwi\OneDrive\Documents\Semester 5\AI\Percobaan 3\.venv\Lib\site-packages\sklearn\metrics\_scorer.py", line 350, in _score
    return self._sign * self._score_func(y_true, y_pred, **scoring_kwargs)
                        ^^^^^^^^^^^^^^^^^^^^^^^^^^^^^^^^^^^^^^^^^^^^^^^^^^
  File "C:\Users\ernandadwi\OneDrive\Documents\Semester 5\AI\Percobaan 3\.venv\Lib\site-packages\pycaret\internal\metrics.py", line 144, in __call__
    return self.score_func(y_true, y_pred, **kwargs)
           ^^^^^^^^^^^^^^^^^^^^^^^^^^^^^^^^^^^^^^^^^
  File "C:\Users\ernandadwi\OneDrive\Documents\Semester 5\AI\Percobaan 3\.venv\Lib\site-packages\sklearn\utils\_param_validation.py", line 213, in wrapper
    return func(*args, **kwargs)
           ^^^^^^^^^^^^^^^^^^^^^
  File "C:\Users\ernandadwi\OneDrive\Documents\Semester 5\AI\Percobaan 3\.venv\Lib\site-packages\sklearn\metrics\_ranking.py", line 634, in roc_auc_score
    return _multiclass_roc_auc_score(
           ^^^^^^^^^^^^^^^^^^^^^^^^^^
  File "C:\Users\ernandadwi\OneDrive\Documents\Semester 5\AI\Percobaan 3\.venv\Lib\site-packages\sklearn\metrics\_ranking.py", line 707, in _multiclass_roc_auc_score
    raise ValueError(
ValueError: Target scores need to be probabilities for multiclass roc_auc, i.e. they should sum up to 1.0 over classes

  warnings.warn(

2026-09-17 17:37:40,690:WARNING:C:\Users\ernandadwi\OneDrive\Documents\Semester 5\AI\Percobaan 3\.venv\Lib\site-packages\pycaret\internal\metrics.py:204: FitFailedWarning: Metric 'make_scorer(roc_auc_score, response_method=('decision_function', 'predict_proba'), average=weighted, multi_class=ovr)' failed and error score 0.0 has been returned instead. If this is a custom metric, this usually means that the error is in the metric code. Full exception below:
Traceback (most recent call last):
  File "C:\Users\ernandadwi\OneDrive\Documents\Semester 5\AI\Percobaan 3\.venv\Lib\site-packages\pycaret\internal\metrics.py", line 196, in _score
    return super()._score(
           ^^^^^^^^^^^^^^^
  File "C:\Users\ernandadwi\OneDrive\Documents\Semester 5\AI\Percobaan 3\.venv\Lib\site-packages\sklearn\metrics\_scorer.py", line 350, in _score
    return self._sign * self._score_func(y_true, y_pred, **scoring_kwargs)
                        ^^^^^^^^^^^^^^^^^^^^^^^^^^^^^^^^^^^^^^^^^^^^^^^^^^
  File "C:\Users\ernandadwi\OneDrive\Documents\Semester 5\AI\Percobaan 3\.venv\Lib\site-packages\pycaret\internal\metrics.py", line 144, in __call__
    return self.score_func(y_true, y_pred, **kwargs)
           ^^^^^^^^^^^^^^^^^^^^^^^^^^^^^^^^^^^^^^^^^
  File "C:\Users\ernandadwi\OneDrive\Documents\Semester 5\AI\Percobaan 3\.venv\Lib\site-packages\sklearn\utils\_param_validation.py", line 213, in wrapper
    return func(*args, **kwargs)
           ^^^^^^^^^^^^^^^^^^^^^
  File "C:\Users\ernandadwi\OneDrive\Documents\Semester 5\AI\Percobaan 3\.venv\Lib\site-packages\sklearn\metrics\_ranking.py", line 634, in roc_auc_score
    return _multiclass_roc_auc_score(
           ^^^^^^^^^^^^^^^^^^^^^^^^^^
  File "C:\Users\ernandadwi\OneDrive\Documents\Semester 5\AI\Percobaan 3\.venv\Lib\site-packages\sklearn\metrics\_ranking.py", line 707, in _multiclass_roc_auc_score
    raise ValueError(
ValueError: Target scores need to be probabilities for multiclass roc_auc, i.e. they should sum up to 1.0 over classes

  warnings.warn(

2026-09-17 17:37:40,697:INFO:Calculating mean and std
2026-09-17 17:37:40,697:INFO:Creating metrics dataframe
2026-09-17 17:37:40,698:INFO:Uploading results into container
2026-09-17 17:37:40,698:INFO:Uploading model into container now
2026-09-17 17:37:40,699:INFO:_master_model_container: 8
2026-09-17 17:37:40,699:INFO:_display_container: 2
2026-09-17 17:37:40,699:INFO:QuadraticDiscriminantAnalysis(priors=None, reg_param=0.0,
                              store_covariance=False, tol=0.0001)
2026-09-17 17:37:40,699:INFO:create_model() successfully completed......................................
2026-09-17 17:37:40,744:INFO:SubProcess create_model() end ==================================
2026-09-17 17:37:40,744:INFO:Creating metrics dataframe
2026-09-17 17:37:40,745:INFO:Initializing Ada Boost Classifier
2026-09-17 17:37:40,745:INFO:Total runtime is 0.11331553856531779 minutes
2026-09-17 17:37:40,746:INFO:SubProcess create_model() called ==================================
2026-09-17 17:37:40,746:INFO:Initializing create_model()
2026-09-17 17:37:40,746:INFO:create_model(self=<pycaret.classification.oop.ClassificationExperiment object at 0x000001397CB66ED0>, estimator=ada, fold=StratifiedKFold(n_splits=10, random_state=None, shuffle=False), round=4, cross_validation=True, predict=True, fit_kwargs={}, groups=None, refit=False, probability_threshold=None, experiment_custom_tags=None, verbose=False, system=False, add_to_model_list=True, metrics=None, display=<pycaret.internal.display.display.CommonDisplay object at 0x0000013923A66650>, model_only=True, return_train_score=False, error_score=0.0, kwargs={})
2026-09-17 17:37:40,746:INFO:Checking exceptions
2026-09-17 17:37:40,746:INFO:Importing libraries
2026-09-17 17:37:40,746:INFO:Copying training dataset
2026-09-17 17:37:40,747:INFO:Defining folds
2026-09-17 17:37:40,747:INFO:Declaring metric variables
2026-09-17 17:37:40,747:INFO:Importing untrained model
2026-09-17 17:37:40,747:INFO:Ada Boost Classifier Imported successfully
2026-09-17 17:37:40,747:INFO:Starting cross validation
2026-09-17 17:37:40,748:INFO:Cross validating with StratifiedKFold(n_splits=10, random_state=None, shuffle=False), n_jobs=-1
2026-09-17 17:37:40,758:WARNING:C:\Users\ernandadwi\OneDrive\Documents\Semester 5\AI\Percobaan 3\.venv\Lib\site-packages\sklearn\ensemble\_weight_boosting.py:519: FutureWarning: The SAMME.R algorithm (the default) is deprecated and will be removed in 1.6. Use the SAMME algorithm to circumvent this warning.
  warnings.warn(

2026-09-17 17:37:40,758:WARNING:C:\Users\ernandadwi\OneDrive\Documents\Semester 5\AI\Percobaan 3\.venv\Lib\site-packages\sklearn\ensemble\_weight_boosting.py:519: FutureWarning: The SAMME.R algorithm (the default) is deprecated and will be removed in 1.6. Use the SAMME algorithm to circumvent this warning.
  warnings.warn(

2026-09-17 17:37:40,759:WARNING:C:\Users\ernandadwi\OneDrive\Documents\Semester 5\AI\Percobaan 3\.venv\Lib\site-packages\sklearn\ensemble\_weight_boosting.py:519: FutureWarning: The SAMME.R algorithm (the default) is deprecated and will be removed in 1.6. Use the SAMME algorithm to circumvent this warning.
  warnings.warn(

2026-09-17 17:37:40,760:WARNING:C:\Users\ernandadwi\OneDrive\Documents\Semester 5\AI\Percobaan 3\.venv\Lib\site-packages\sklearn\ensemble\_weight_boosting.py:519: FutureWarning: The SAMME.R algorithm (the default) is deprecated and will be removed in 1.6. Use the SAMME algorithm to circumvent this warning.
  warnings.warn(

2026-09-17 17:37:40,761:WARNING:C:\Users\ernandadwi\OneDrive\Documents\Semester 5\AI\Percobaan 3\.venv\Lib\site-packages\sklearn\ensemble\_weight_boosting.py:519: FutureWarning: The SAMME.R algorithm (the default) is deprecated and will be removed in 1.6. Use the SAMME algorithm to circumvent this warning.
  warnings.warn(

2026-09-17 17:37:40,762:WARNING:C:\Users\ernandadwi\OneDrive\Documents\Semester 5\AI\Percobaan 3\.venv\Lib\site-packages\sklearn\ensemble\_weight_boosting.py:519: FutureWarning: The SAMME.R algorithm (the default) is deprecated and will be removed in 1.6. Use the SAMME algorithm to circumvent this warning.
  warnings.warn(

2026-09-17 17:37:40,763:WARNING:C:\Users\ernandadwi\OneDrive\Documents\Semester 5\AI\Percobaan 3\.venv\Lib\site-packages\sklearn\ensemble\_weight_boosting.py:519: FutureWarning: The SAMME.R algorithm (the default) is deprecated and will be removed in 1.6. Use the SAMME algorithm to circumvent this warning.
  warnings.warn(

2026-09-17 17:37:40,765:WARNING:C:\Users\ernandadwi\OneDrive\Documents\Semester 5\AI\Percobaan 3\.venv\Lib\site-packages\sklearn\ensemble\_weight_boosting.py:519: FutureWarning: The SAMME.R algorithm (the default) is deprecated and will be removed in 1.6. Use the SAMME algorithm to circumvent this warning.
  warnings.warn(

2026-09-17 17:37:40,767:WARNING:C:\Users\ernandadwi\OneDrive\Documents\Semester 5\AI\Percobaan 3\.venv\Lib\site-packages\sklearn\ensemble\_weight_boosting.py:519: FutureWarning: The SAMME.R algorithm (the default) is deprecated and will be removed in 1.6. Use the SAMME algorithm to circumvent this warning.
  warnings.warn(

2026-09-17 17:37:40,806:WARNING:C:\Users\ernandadwi\OneDrive\Documents\Semester 5\AI\Percobaan 3\.venv\Lib\site-packages\pycaret\internal\metrics.py:204: FitFailedWarning: Metric 'make_scorer(roc_auc_score, response_method=('decision_function', 'predict_proba'), average=weighted, multi_class=ovr)' failed and error score 0.0 has been returned instead. If this is a custom metric, this usually means that the error is in the metric code. Full exception below:
Traceback (most recent call last):
  File "C:\Users\ernandadwi\OneDrive\Documents\Semester 5\AI\Percobaan 3\.venv\Lib\site-packages\pycaret\internal\metrics.py", line 196, in _score
    return super()._score(
           ^^^^^^^^^^^^^^^
  File "C:\Users\ernandadwi\OneDrive\Documents\Semester 5\AI\Percobaan 3\.venv\Lib\site-packages\sklearn\metrics\_scorer.py", line 350, in _score
    return self._sign * self._score_func(y_true, y_pred, **scoring_kwargs)
                        ^^^^^^^^^^^^^^^^^^^^^^^^^^^^^^^^^^^^^^^^^^^^^^^^^^
  File "C:\Users\ernandadwi\OneDrive\Documents\Semester 5\AI\Percobaan 3\.venv\Lib\site-packages\pycaret\internal\metrics.py", line 144, in __call__
    return self.score_func(y_true, y_pred, **kwargs)
           ^^^^^^^^^^^^^^^^^^^^^^^^^^^^^^^^^^^^^^^^^
  File "C:\Users\ernandadwi\OneDrive\Documents\Semester 5\AI\Percobaan 3\.venv\Lib\site-packages\sklearn\utils\_param_validation.py", line 213, in wrapper
    return func(*args, **kwargs)
           ^^^^^^^^^^^^^^^^^^^^^
  File "C:\Users\ernandadwi\OneDrive\Documents\Semester 5\AI\Percobaan 3\.venv\Lib\site-packages\sklearn\metrics\_ranking.py", line 634, in roc_auc_score
    return _multiclass_roc_auc_score(
           ^^^^^^^^^^^^^^^^^^^^^^^^^^
  File "C:\Users\ernandadwi\OneDrive\Documents\Semester 5\AI\Percobaan 3\.venv\Lib\site-packages\sklearn\metrics\_ranking.py", line 707, in _multiclass_roc_auc_score
    raise ValueError(
ValueError: Target scores need to be probabilities for multiclass roc_auc, i.e. they should sum up to 1.0 over classes

  warnings.warn(

2026-09-17 17:37:40,810:WARNING:C:\Users\ernandadwi\OneDrive\Documents\Semester 5\AI\Percobaan 3\.venv\Lib\site-packages\pycaret\internal\metrics.py:204: FitFailedWarning: Metric 'make_scorer(roc_auc_score, response_method=('decision_function', 'predict_proba'), average=weighted, multi_class=ovr)' failed and error score 0.0 has been returned instead. If this is a custom metric, this usually means that the error is in the metric code. Full exception below:
Traceback (most recent call last):
  File "C:\Users\ernandadwi\OneDrive\Documents\Semester 5\AI\Percobaan 3\.venv\Lib\site-packages\pycaret\internal\metrics.py", line 196, in _score
    return super()._score(
           ^^^^^^^^^^^^^^^
  File "C:\Users\ernandadwi\OneDrive\Documents\Semester 5\AI\Percobaan 3\.venv\Lib\site-packages\sklearn\metrics\_scorer.py", line 350, in _score
    return self._sign * self._score_func(y_true, y_pred, **scoring_kwargs)
                        ^^^^^^^^^^^^^^^^^^^^^^^^^^^^^^^^^^^^^^^^^^^^^^^^^^
  File "C:\Users\ernandadwi\OneDrive\Documents\Semester 5\AI\Percobaan 3\.venv\Lib\site-packages\pycaret\internal\metrics.py", line 144, in __call__
    return self.score_func(y_true, y_pred, **kwargs)
           ^^^^^^^^^^^^^^^^^^^^^^^^^^^^^^^^^^^^^^^^^
  File "C:\Users\ernandadwi\OneDrive\Documents\Semester 5\AI\Percobaan 3\.venv\Lib\site-packages\sklearn\utils\_param_validation.py", line 213, in wrapper
    return func(*args, **kwargs)
           ^^^^^^^^^^^^^^^^^^^^^
  File "C:\Users\ernandadwi\OneDrive\Documents\Semester 5\AI\Percobaan 3\.venv\Lib\site-packages\sklearn\metrics\_ranking.py", line 634, in roc_auc_score
    return _multiclass_roc_auc_score(
           ^^^^^^^^^^^^^^^^^^^^^^^^^^
  File "C:\Users\ernandadwi\OneDrive\Documents\Semester 5\AI\Percobaan 3\.venv\Lib\site-packages\sklearn\metrics\_ranking.py", line 707, in _multiclass_roc_auc_score
    raise ValueError(
ValueError: Target scores need to be probabilities for multiclass roc_auc, i.e. they should sum up to 1.0 over classes

  warnings.warn(

2026-09-17 17:37:40,820:WARNING:C:\Users\ernandadwi\OneDrive\Documents\Semester 5\AI\Percobaan 3\.venv\Lib\site-packages\pycaret\internal\metrics.py:204: FitFailedWarning: Metric 'make_scorer(roc_auc_score, response_method=('decision_function', 'predict_proba'), average=weighted, multi_class=ovr)' failed and error score 0.0 has been returned instead. If this is a custom metric, this usually means that the error is in the metric code. Full exception below:
Traceback (most recent call last):
  File "C:\Users\ernandadwi\OneDrive\Documents\Semester 5\AI\Percobaan 3\.venv\Lib\site-packages\pycaret\internal\metrics.py", line 196, in _score
    return super()._score(
           ^^^^^^^^^^^^^^^
  File "C:\Users\ernandadwi\OneDrive\Documents\Semester 5\AI\Percobaan 3\.venv\Lib\site-packages\sklearn\metrics\_scorer.py", line 350, in _score
    return self._sign * self._score_func(y_true, y_pred, **scoring_kwargs)
                        ^^^^^^^^^^^^^^^^^^^^^^^^^^^^^^^^^^^^^^^^^^^^^^^^^^
  File "C:\Users\ernandadwi\OneDrive\Documents\Semester 5\AI\Percobaan 3\.venv\Lib\site-packages\pycaret\internal\metrics.py", line 144, in __call__
    return self.score_func(y_true, y_pred, **kwargs)
           ^^^^^^^^^^^^^^^^^^^^^^^^^^^^^^^^^^^^^^^^^
  File "C:\Users\ernandadwi\OneDrive\Documents\Semester 5\AI\Percobaan 3\.venv\Lib\site-packages\sklearn\utils\_param_validation.py", line 213, in wrapper
    return func(*args, **kwargs)
           ^^^^^^^^^^^^^^^^^^^^^
  File "C:\Users\ernandadwi\OneDrive\Documents\Semester 5\AI\Percobaan 3\.venv\Lib\site-packages\sklearn\metrics\_ranking.py", line 634, in roc_auc_score
    return _multiclass_roc_auc_score(
           ^^^^^^^^^^^^^^^^^^^^^^^^^^
  File "C:\Users\ernandadwi\OneDrive\Documents\Semester 5\AI\Percobaan 3\.venv\Lib\site-packages\sklearn\metrics\_ranking.py", line 707, in _multiclass_roc_auc_score
    raise ValueError(
ValueError: Target scores need to be probabilities for multiclass roc_auc, i.e. they should sum up to 1.0 over classes

  warnings.warn(

2026-09-17 17:37:40,824:WARNING:C:\Users\ernandadwi\OneDrive\Documents\Semester 5\AI\Percobaan 3\.venv\Lib\site-packages\pycaret\internal\metrics.py:204: FitFailedWarning: Metric 'make_scorer(roc_auc_score, response_method=('decision_function', 'predict_proba'), average=weighted, multi_class=ovr)' failed and error score 0.0 has been returned instead. If this is a custom metric, this usually means that the error is in the metric code. Full exception below:
Traceback (most recent call last):
  File "C:\Users\ernandadwi\OneDrive\Documents\Semester 5\AI\Percobaan 3\.venv\Lib\site-packages\pycaret\internal\metrics.py", line 196, in _score
    return super()._score(
           ^^^^^^^^^^^^^^^
  File "C:\Users\ernandadwi\OneDrive\Documents\Semester 5\AI\Percobaan 3\.venv\Lib\site-packages\sklearn\metrics\_scorer.py", line 350, in _score
    return self._sign * self._score_func(y_true, y_pred, **scoring_kwargs)
                        ^^^^^^^^^^^^^^^^^^^^^^^^^^^^^^^^^^^^^^^^^^^^^^^^^^
  File "C:\Users\ernandadwi\OneDrive\Documents\Semester 5\AI\Percobaan 3\.venv\Lib\site-packages\pycaret\internal\metrics.py", line 144, in __call__
    return self.score_func(y_true, y_pred, **kwargs)
           ^^^^^^^^^^^^^^^^^^^^^^^^^^^^^^^^^^^^^^^^^
  File "C:\Users\ernandadwi\OneDrive\Documents\Semester 5\AI\Percobaan 3\.venv\Lib\site-packages\sklearn\utils\_param_validation.py", line 213, in wrapper
    return func(*args, **kwargs)
           ^^^^^^^^^^^^^^^^^^^^^
  File "C:\Users\ernandadwi\OneDrive\Documents\Semester 5\AI\Percobaan 3\.venv\Lib\site-packages\sklearn\metrics\_ranking.py", line 634, in roc_auc_score
    return _multiclass_roc_auc_score(
           ^^^^^^^^^^^^^^^^^^^^^^^^^^
  File "C:\Users\ernandadwi\OneDrive\Documents\Semester 5\AI\Percobaan 3\.venv\Lib\site-packages\sklearn\metrics\_ranking.py", line 707, in _multiclass_roc_auc_score
    raise ValueError(
ValueError: Target scores need to be probabilities for multiclass roc_auc, i.e. they should sum up to 1.0 over classes

  warnings.warn(

2026-09-17 17:37:40,824:WARNING:C:\Users\ernandadwi\OneDrive\Documents\Semester 5\AI\Percobaan 3\.venv\Lib\site-packages\pycaret\internal\metrics.py:204: FitFailedWarning: Metric 'make_scorer(roc_auc_score, response_method=('decision_function', 'predict_proba'), average=weighted, multi_class=ovr)' failed and error score 0.0 has been returned instead. If this is a custom metric, this usually means that the error is in the metric code. Full exception below:
Traceback (most recent call last):
  File "C:\Users\ernandadwi\OneDrive\Documents\Semester 5\AI\Percobaan 3\.venv\Lib\site-packages\pycaret\internal\metrics.py", line 196, in _score
    return super()._score(
           ^^^^^^^^^^^^^^^
  File "C:\Users\ernandadwi\OneDrive\Documents\Semester 5\AI\Percobaan 3\.venv\Lib\site-packages\sklearn\metrics\_scorer.py", line 350, in _score
    return self._sign * self._score_func(y_true, y_pred, **scoring_kwargs)
                        ^^^^^^^^^^^^^^^^^^^^^^^^^^^^^^^^^^^^^^^^^^^^^^^^^^
  File "C:\Users\ernandadwi\OneDrive\Documents\Semester 5\AI\Percobaan 3\.venv\Lib\site-packages\pycaret\internal\metrics.py", line 144, in __call__
    return self.score_func(y_true, y_pred, **kwargs)
           ^^^^^^^^^^^^^^^^^^^^^^^^^^^^^^^^^^^^^^^^^
  File "C:\Users\ernandadwi\OneDrive\Documents\Semester 5\AI\Percobaan 3\.venv\Lib\site-packages\sklearn\utils\_param_validation.py", line 213, in wrapper
    return func(*args, **kwargs)
           ^^^^^^^^^^^^^^^^^^^^^
  File "C:\Users\ernandadwi\OneDrive\Documents\Semester 5\AI\Percobaan 3\.venv\Lib\site-packages\sklearn\metrics\_ranking.py", line 634, in roc_auc_score
    return _multiclass_roc_auc_score(
           ^^^^^^^^^^^^^^^^^^^^^^^^^^
  File "C:\Users\ernandadwi\OneDrive\Documents\Semester 5\AI\Percobaan 3\.venv\Lib\site-packages\sklearn\metrics\_ranking.py", line 707, in _multiclass_roc_auc_score
    raise ValueError(
ValueError: Target scores need to be probabilities for multiclass roc_auc, i.e. they should sum up to 1.0 over classes

  warnings.warn(

2026-09-17 17:37:40,829:WARNING:C:\Users\ernandadwi\OneDrive\Documents\Semester 5\AI\Percobaan 3\.venv\Lib\site-packages\pycaret\internal\metrics.py:204: FitFailedWarning: Metric 'make_scorer(roc_auc_score, response_method=('decision_function', 'predict_proba'), average=weighted, multi_class=ovr)' failed and error score 0.0 has been returned instead. If this is a custom metric, this usually means that the error is in the metric code. Full exception below:
Traceback (most recent call last):
  File "C:\Users\ernandadwi\OneDrive\Documents\Semester 5\AI\Percobaan 3\.venv\Lib\site-packages\pycaret\internal\metrics.py", line 196, in _score
    return super()._score(
           ^^^^^^^^^^^^^^^
  File "C:\Users\ernandadwi\OneDrive\Documents\Semester 5\AI\Percobaan 3\.venv\Lib\site-packages\sklearn\metrics\_scorer.py", line 350, in _score
    return self._sign * self._score_func(y_true, y_pred, **scoring_kwargs)
                        ^^^^^^^^^^^^^^^^^^^^^^^^^^^^^^^^^^^^^^^^^^^^^^^^^^
  File "C:\Users\ernandadwi\OneDrive\Documents\Semester 5\AI\Percobaan 3\.venv\Lib\site-packages\pycaret\internal\metrics.py", line 144, in __call__
    return self.score_func(y_true, y_pred, **kwargs)
           ^^^^^^^^^^^^^^^^^^^^^^^^^^^^^^^^^^^^^^^^^
  File "C:\Users\ernandadwi\OneDrive\Documents\Semester 5\AI\Percobaan 3\.venv\Lib\site-packages\sklearn\utils\_param_validation.py", line 213, in wrapper
    return func(*args, **kwargs)
           ^^^^^^^^^^^^^^^^^^^^^
  File "C:\Users\ernandadwi\OneDrive\Documents\Semester 5\AI\Percobaan 3\.venv\Lib\site-packages\sklearn\metrics\_ranking.py", line 634, in roc_auc_score
    return _multiclass_roc_auc_score(
           ^^^^^^^^^^^^^^^^^^^^^^^^^^
  File "C:\Users\ernandadwi\OneDrive\Documents\Semester 5\AI\Percobaan 3\.venv\Lib\site-packages\sklearn\metrics\_ranking.py", line 707, in _multiclass_roc_auc_score
    raise ValueError(
ValueError: Target scores need to be probabilities for multiclass roc_auc, i.e. they should sum up to 1.0 over classes

  warnings.warn(

2026-09-17 17:37:40,831:WARNING:C:\Users\ernandadwi\OneDrive\Documents\Semester 5\AI\Percobaan 3\.venv\Lib\site-packages\pycaret\internal\metrics.py:204: FitFailedWarning: Metric 'make_scorer(roc_auc_score, response_method=('decision_function', 'predict_proba'), average=weighted, multi_class=ovr)' failed and error score 0.0 has been returned instead. If this is a custom metric, this usually means that the error is in the metric code. Full exception below:
Traceback (most recent call last):
  File "C:\Users\ernandadwi\OneDrive\Documents\Semester 5\AI\Percobaan 3\.venv\Lib\site-packages\pycaret\internal\metrics.py", line 196, in _score
    return super()._score(
           ^^^^^^^^^^^^^^^
  File "C:\Users\ernandadwi\OneDrive\Documents\Semester 5\AI\Percobaan 3\.venv\Lib\site-packages\sklearn\metrics\_scorer.py", line 350, in _score
    return self._sign * self._score_func(y_true, y_pred, **scoring_kwargs)
                        ^^^^^^^^^^^^^^^^^^^^^^^^^^^^^^^^^^^^^^^^^^^^^^^^^^
  File "C:\Users\ernandadwi\OneDrive\Documents\Semester 5\AI\Percobaan 3\.venv\Lib\site-packages\pycaret\internal\metrics.py", line 144, in __call__
    return self.score_func(y_true, y_pred, **kwargs)
           ^^^^^^^^^^^^^^^^^^^^^^^^^^^^^^^^^^^^^^^^^
  File "C:\Users\ernandadwi\OneDrive\Documents\Semester 5\AI\Percobaan 3\.venv\Lib\site-packages\sklearn\utils\_param_validation.py", line 213, in wrapper
    return func(*args, **kwargs)
           ^^^^^^^^^^^^^^^^^^^^^
  File "C:\Users\ernandadwi\OneDrive\Documents\Semester 5\AI\Percobaan 3\.venv\Lib\site-packages\sklearn\metrics\_ranking.py", line 634, in roc_auc_score
    return _multiclass_roc_auc_score(
           ^^^^^^^^^^^^^^^^^^^^^^^^^^
  File "C:\Users\ernandadwi\OneDrive\Documents\Semester 5\AI\Percobaan 3\.venv\Lib\site-packages\sklearn\metrics\_ranking.py", line 707, in _multiclass_roc_auc_score
    raise ValueError(
ValueError: Target scores need to be probabilities for multiclass roc_auc, i.e. they should sum up to 1.0 over classes

  warnings.warn(

2026-09-17 17:37:40,835:WARNING:C:\Users\ernandadwi\OneDrive\Documents\Semester 5\AI\Percobaan 3\.venv\Lib\site-packages\pycaret\internal\metrics.py:204: FitFailedWarning: Metric 'make_scorer(roc_auc_score, response_method=('decision_function', 'predict_proba'), average=weighted, multi_class=ovr)' failed and error score 0.0 has been returned instead. If this is a custom metric, this usually means that the error is in the metric code. Full exception below:
Traceback (most recent call last):
  File "C:\Users\ernandadwi\OneDrive\Documents\Semester 5\AI\Percobaan 3\.venv\Lib\site-packages\pycaret\internal\metrics.py", line 196, in _score
    return super()._score(
           ^^^^^^^^^^^^^^^
  File "C:\Users\ernandadwi\OneDrive\Documents\Semester 5\AI\Percobaan 3\.venv\Lib\site-packages\sklearn\metrics\_scorer.py", line 350, in _score
    return self._sign * self._score_func(y_true, y_pred, **scoring_kwargs)
                        ^^^^^^^^^^^^^^^^^^^^^^^^^^^^^^^^^^^^^^^^^^^^^^^^^^
  File "C:\Users\ernandadwi\OneDrive\Documents\Semester 5\AI\Percobaan 3\.venv\Lib\site-packages\pycaret\internal\metrics.py", line 144, in __call__
    return self.score_func(y_true, y_pred, **kwargs)
           ^^^^^^^^^^^^^^^^^^^^^^^^^^^^^^^^^^^^^^^^^
  File "C:\Users\ernandadwi\OneDrive\Documents\Semester 5\AI\Percobaan 3\.venv\Lib\site-packages\sklearn\utils\_param_validation.py", line 213, in wrapper
    return func(*args, **kwargs)
           ^^^^^^^^^^^^^^^^^^^^^
  File "C:\Users\ernandadwi\OneDrive\Documents\Semester 5\AI\Percobaan 3\.venv\Lib\site-packages\sklearn\metrics\_ranking.py", line 634, in roc_auc_score
    return _multiclass_roc_auc_score(
           ^^^^^^^^^^^^^^^^^^^^^^^^^^
  File "C:\Users\ernandadwi\OneDrive\Documents\Semester 5\AI\Percobaan 3\.venv\Lib\site-packages\sklearn\metrics\_ranking.py", line 707, in _multiclass_roc_auc_score
    raise ValueError(
ValueError: Target scores need to be probabilities for multiclass roc_auc, i.e. they should sum up to 1.0 over classes

  warnings.warn(

2026-09-17 17:37:40,840:WARNING:C:\Users\ernandadwi\OneDrive\Documents\Semester 5\AI\Percobaan 3\.venv\Lib\site-packages\pycaret\internal\metrics.py:204: FitFailedWarning: Metric 'make_scorer(roc_auc_score, response_method=('decision_function', 'predict_proba'), average=weighted, multi_class=ovr)' failed and error score 0.0 has been returned instead. If this is a custom metric, this usually means that the error is in the metric code. Full exception below:
Traceback (most recent call last):
  File "C:\Users\ernandadwi\OneDrive\Documents\Semester 5\AI\Percobaan 3\.venv\Lib\site-packages\pycaret\internal\metrics.py", line 196, in _score
    return super()._score(
           ^^^^^^^^^^^^^^^
  File "C:\Users\ernandadwi\OneDrive\Documents\Semester 5\AI\Percobaan 3\.venv\Lib\site-packages\sklearn\metrics\_scorer.py", line 350, in _score
    return self._sign * self._score_func(y_true, y_pred, **scoring_kwargs)
                        ^^^^^^^^^^^^^^^^^^^^^^^^^^^^^^^^^^^^^^^^^^^^^^^^^^
  File "C:\Users\ernandadwi\OneDrive\Documents\Semester 5\AI\Percobaan 3\.venv\Lib\site-packages\pycaret\internal\metrics.py", line 144, in __call__
    return self.score_func(y_true, y_pred, **kwargs)
           ^^^^^^^^^^^^^^^^^^^^^^^^^^^^^^^^^^^^^^^^^
  File "C:\Users\ernandadwi\OneDrive\Documents\Semester 5\AI\Percobaan 3\.venv\Lib\site-packages\sklearn\utils\_param_validation.py", line 213, in wrapper
    return func(*args, **kwargs)
           ^^^^^^^^^^^^^^^^^^^^^
  File "C:\Users\ernandadwi\OneDrive\Documents\Semester 5\AI\Percobaan 3\.venv\Lib\site-packages\sklearn\metrics\_ranking.py", line 634, in roc_auc_score
    return _multiclass_roc_auc_score(
           ^^^^^^^^^^^^^^^^^^^^^^^^^^
  File "C:\Users\ernandadwi\OneDrive\Documents\Semester 5\AI\Percobaan 3\.venv\Lib\site-packages\sklearn\metrics\_ranking.py", line 707, in _multiclass_roc_auc_score
    raise ValueError(
ValueError: Target scores need to be probabilities for multiclass roc_auc, i.e. they should sum up to 1.0 over classes

  warnings.warn(

2026-09-17 17:37:40,847:WARNING:C:\Users\ernandadwi\OneDrive\Documents\Semester 5\AI\Percobaan 3\.venv\Lib\site-packages\pycaret\internal\metrics.py:204: FitFailedWarning: Metric 'make_scorer(roc_auc_score, response_method=('decision_function', 'predict_proba'), average=weighted, multi_class=ovr)' failed and error score 0.0 has been returned instead. If this is a custom metric, this usually means that the error is in the metric code. Full exception below:
Traceback (most recent call last):
  File "C:\Users\ernandadwi\OneDrive\Documents\Semester 5\AI\Percobaan 3\.venv\Lib\site-packages\pycaret\internal\metrics.py", line 196, in _score
    return super()._score(
           ^^^^^^^^^^^^^^^
  File "C:\Users\ernandadwi\OneDrive\Documents\Semester 5\AI\Percobaan 3\.venv\Lib\site-packages\sklearn\metrics\_scorer.py", line 350, in _score
    return self._sign * self._score_func(y_true, y_pred, **scoring_kwargs)
                        ^^^^^^^^^^^^^^^^^^^^^^^^^^^^^^^^^^^^^^^^^^^^^^^^^^
  File "C:\Users\ernandadwi\OneDrive\Documents\Semester 5\AI\Percobaan 3\.venv\Lib\site-packages\pycaret\internal\metrics.py", line 144, in __call__
    return self.score_func(y_true, y_pred, **kwargs)
           ^^^^^^^^^^^^^^^^^^^^^^^^^^^^^^^^^^^^^^^^^
  File "C:\Users\ernandadwi\OneDrive\Documents\Semester 5\AI\Percobaan 3\.venv\Lib\site-packages\sklearn\utils\_param_validation.py", line 213, in wrapper
    return func(*args, **kwargs)
           ^^^^^^^^^^^^^^^^^^^^^
  File "C:\Users\ernandadwi\OneDrive\Documents\Semester 5\AI\Percobaan 3\.venv\Lib\site-packages\sklearn\metrics\_ranking.py", line 634, in roc_auc_score
    return _multiclass_roc_auc_score(
           ^^^^^^^^^^^^^^^^^^^^^^^^^^
  File "C:\Users\ernandadwi\OneDrive\Documents\Semester 5\AI\Percobaan 3\.venv\Lib\site-packages\sklearn\metrics\_ranking.py", line 707, in _multiclass_roc_auc_score
    raise ValueError(
ValueError: Target scores need to be probabilities for multiclass roc_auc, i.e. they should sum up to 1.0 over classes

  warnings.warn(

2026-09-17 17:37:40,857:INFO:Calculating mean and std
2026-09-17 17:37:40,857:INFO:Creating metrics dataframe
2026-09-17 17:37:40,858:INFO:Uploading results into container
2026-09-17 17:37:40,858:INFO:Uploading model into container now
2026-09-17 17:37:40,858:INFO:_master_model_container: 9
2026-09-17 17:37:40,858:INFO:_display_container: 2
2026-09-17 17:37:40,858:INFO:AdaBoostClassifier(algorithm='SAMME.R', estimator=None, learning_rate=1.0,
                   n_estimators=50, random_state=7197)
2026-09-17 17:37:40,858:INFO:create_model() successfully completed......................................
2026-09-17 17:37:40,909:INFO:SubProcess create_model() end ==================================
2026-09-17 17:37:40,910:INFO:Creating metrics dataframe
2026-09-17 17:37:40,911:INFO:Initializing Gradient Boosting Classifier
2026-09-17 17:37:40,911:INFO:Total runtime is 0.11608529885609944 minutes
2026-09-17 17:37:40,911:INFO:SubProcess create_model() called ==================================
2026-09-17 17:37:40,911:INFO:Initializing create_model()
2026-09-17 17:37:40,911:INFO:create_model(self=<pycaret.classification.oop.ClassificationExperiment object at 0x000001397CB66ED0>, estimator=gbc, fold=StratifiedKFold(n_splits=10, random_state=None, shuffle=False), round=4, cross_validation=True, predict=True, fit_kwargs={}, groups=None, refit=False, probability_threshold=None, experiment_custom_tags=None, verbose=False, system=False, add_to_model_list=True, metrics=None, display=<pycaret.internal.display.display.CommonDisplay object at 0x0000013923A66650>, model_only=True, return_train_score=False, error_score=0.0, kwargs={})
2026-09-17 17:37:40,911:INFO:Checking exceptions
2026-09-17 17:37:40,911:INFO:Importing libraries
2026-09-17 17:37:40,911:INFO:Copying training dataset
2026-09-17 17:37:40,913:INFO:Defining folds
2026-09-17 17:37:40,913:INFO:Declaring metric variables
2026-09-17 17:37:40,913:INFO:Importing untrained model
2026-09-17 17:37:40,913:INFO:Gradient Boosting Classifier Imported successfully
2026-09-17 17:37:40,913:INFO:Starting cross validation
2026-09-17 17:37:40,913:INFO:Cross validating with StratifiedKFold(n_splits=10, random_state=None, shuffle=False), n_jobs=-1
2026-09-17 17:37:41,101:WARNING:C:\Users\ernandadwi\OneDrive\Documents\Semester 5\AI\Percobaan 3\.venv\Lib\site-packages\pycaret\internal\metrics.py:204: FitFailedWarning: Metric 'make_scorer(roc_auc_score, response_method=('decision_function', 'predict_proba'), average=weighted, multi_class=ovr)' failed and error score 0.0 has been returned instead. If this is a custom metric, this usually means that the error is in the metric code. Full exception below:
Traceback (most recent call last):
  File "C:\Users\ernandadwi\OneDrive\Documents\Semester 5\AI\Percobaan 3\.venv\Lib\site-packages\pycaret\internal\metrics.py", line 196, in _score
    return super()._score(
           ^^^^^^^^^^^^^^^
  File "C:\Users\ernandadwi\OneDrive\Documents\Semester 5\AI\Percobaan 3\.venv\Lib\site-packages\sklearn\metrics\_scorer.py", line 350, in _score
    return self._sign * self._score_func(y_true, y_pred, **scoring_kwargs)
                        ^^^^^^^^^^^^^^^^^^^^^^^^^^^^^^^^^^^^^^^^^^^^^^^^^^
  File "C:\Users\ernandadwi\OneDrive\Documents\Semester 5\AI\Percobaan 3\.venv\Lib\site-packages\pycaret\internal\metrics.py", line 144, in __call__
    return self.score_func(y_true, y_pred, **kwargs)
           ^^^^^^^^^^^^^^^^^^^^^^^^^^^^^^^^^^^^^^^^^
  File "C:\Users\ernandadwi\OneDrive\Documents\Semester 5\AI\Percobaan 3\.venv\Lib\site-packages\sklearn\utils\_param_validation.py", line 213, in wrapper
    return func(*args, **kwargs)
           ^^^^^^^^^^^^^^^^^^^^^
  File "C:\Users\ernandadwi\OneDrive\Documents\Semester 5\AI\Percobaan 3\.venv\Lib\site-packages\sklearn\metrics\_ranking.py", line 634, in roc_auc_score
    return _multiclass_roc_auc_score(
           ^^^^^^^^^^^^^^^^^^^^^^^^^^
  File "C:\Users\ernandadwi\OneDrive\Documents\Semester 5\AI\Percobaan 3\.venv\Lib\site-packages\sklearn\metrics\_ranking.py", line 707, in _multiclass_roc_auc_score
    raise ValueError(
ValueError: Target scores need to be probabilities for multiclass roc_auc, i.e. they should sum up to 1.0 over classes

  warnings.warn(

2026-09-17 17:37:41,132:WARNING:C:\Users\ernandadwi\OneDrive\Documents\Semester 5\AI\Percobaan 3\.venv\Lib\site-packages\pycaret\internal\metrics.py:204: FitFailedWarning: Metric 'make_scorer(roc_auc_score, response_method=('decision_function', 'predict_proba'), average=weighted, multi_class=ovr)' failed and error score 0.0 has been returned instead. If this is a custom metric, this usually means that the error is in the metric code. Full exception below:
Traceback (most recent call last):
  File "C:\Users\ernandadwi\OneDrive\Documents\Semester 5\AI\Percobaan 3\.venv\Lib\site-packages\pycaret\internal\metrics.py", line 196, in _score
    return super()._score(
           ^^^^^^^^^^^^^^^
  File "C:\Users\ernandadwi\OneDrive\Documents\Semester 5\AI\Percobaan 3\.venv\Lib\site-packages\sklearn\metrics\_scorer.py", line 350, in _score
    return self._sign * self._score_func(y_true, y_pred, **scoring_kwargs)
                        ^^^^^^^^^^^^^^^^^^^^^^^^^^^^^^^^^^^^^^^^^^^^^^^^^^
  File "C:\Users\ernandadwi\OneDrive\Documents\Semester 5\AI\Percobaan 3\.venv\Lib\site-packages\pycaret\internal\metrics.py", line 144, in __call__
    return self.score_func(y_true, y_pred, **kwargs)
           ^^^^^^^^^^^^^^^^^^^^^^^^^^^^^^^^^^^^^^^^^
  File "C:\Users\ernandadwi\OneDrive\Documents\Semester 5\AI\Percobaan 3\.venv\Lib\site-packages\sklearn\utils\_param_validation.py", line 213, in wrapper
    return func(*args, **kwargs)
           ^^^^^^^^^^^^^^^^^^^^^
  File "C:\Users\ernandadwi\OneDrive\Documents\Semester 5\AI\Percobaan 3\.venv\Lib\site-packages\sklearn\metrics\_ranking.py", line 634, in roc_auc_score
    return _multiclass_roc_auc_score(
           ^^^^^^^^^^^^^^^^^^^^^^^^^^
  File "C:\Users\ernandadwi\OneDrive\Documents\Semester 5\AI\Percobaan 3\.venv\Lib\site-packages\sklearn\metrics\_ranking.py", line 707, in _multiclass_roc_auc_score
    raise ValueError(
ValueError: Target scores need to be probabilities for multiclass roc_auc, i.e. they should sum up to 1.0 over classes

  warnings.warn(

2026-09-17 17:37:41,138:WARNING:C:\Users\ernandadwi\OneDrive\Documents\Semester 5\AI\Percobaan 3\.venv\Lib\site-packages\pycaret\internal\metrics.py:204: FitFailedWarning: Metric 'make_scorer(roc_auc_score, response_method=('decision_function', 'predict_proba'), average=weighted, multi_class=ovr)' failed and error score 0.0 has been returned instead. If this is a custom metric, this usually means that the error is in the metric code. Full exception below:
Traceback (most recent call last):
  File "C:\Users\ernandadwi\OneDrive\Documents\Semester 5\AI\Percobaan 3\.venv\Lib\site-packages\pycaret\internal\metrics.py", line 196, in _score
    return super()._score(
           ^^^^^^^^^^^^^^^
  File "C:\Users\ernandadwi\OneDrive\Documents\Semester 5\AI\Percobaan 3\.venv\Lib\site-packages\sklearn\metrics\_scorer.py", line 350, in _score
    return self._sign * self._score_func(y_true, y_pred, **scoring_kwargs)
                        ^^^^^^^^^^^^^^^^^^^^^^^^^^^^^^^^^^^^^^^^^^^^^^^^^^
  File "C:\Users\ernandadwi\OneDrive\Documents\Semester 5\AI\Percobaan 3\.venv\Lib\site-packages\pycaret\internal\metrics.py", line 144, in __call__
    return self.score_func(y_true, y_pred, **kwargs)
           ^^^^^^^^^^^^^^^^^^^^^^^^^^^^^^^^^^^^^^^^^
  File "C:\Users\ernandadwi\OneDrive\Documents\Semester 5\AI\Percobaan 3\.venv\Lib\site-packages\sklearn\utils\_param_validation.py", line 213, in wrapper
    return func(*args, **kwargs)
           ^^^^^^^^^^^^^^^^^^^^^
  File "C:\Users\ernandadwi\OneDrive\Documents\Semester 5\AI\Percobaan 3\.venv\Lib\site-packages\sklearn\metrics\_ranking.py", line 634, in roc_auc_score
    return _multiclass_roc_auc_score(
           ^^^^^^^^^^^^^^^^^^^^^^^^^^
  File "C:\Users\ernandadwi\OneDrive\Documents\Semester 5\AI\Percobaan 3\.venv\Lib\site-packages\sklearn\metrics\_ranking.py", line 707, in _multiclass_roc_auc_score
    raise ValueError(
ValueError: Target scores need to be probabilities for multiclass roc_auc, i.e. they should sum up to 1.0 over classes

  warnings.warn(

2026-09-17 17:37:41,139:WARNING:C:\Users\ernandadwi\OneDrive\Documents\Semester 5\AI\Percobaan 3\.venv\Lib\site-packages\pycaret\internal\metrics.py:204: FitFailedWarning: Metric 'make_scorer(roc_auc_score, response_method=('decision_function', 'predict_proba'), average=weighted, multi_class=ovr)' failed and error score 0.0 has been returned instead. If this is a custom metric, this usually means that the error is in the metric code. Full exception below:
Traceback (most recent call last):
  File "C:\Users\ernandadwi\OneDrive\Documents\Semester 5\AI\Percobaan 3\.venv\Lib\site-packages\pycaret\internal\metrics.py", line 196, in _score
    return super()._score(
           ^^^^^^^^^^^^^^^
  File "C:\Users\ernandadwi\OneDrive\Documents\Semester 5\AI\Percobaan 3\.venv\Lib\site-packages\sklearn\metrics\_scorer.py", line 350, in _score
    return self._sign * self._score_func(y_true, y_pred, **scoring_kwargs)
                        ^^^^^^^^^^^^^^^^^^^^^^^^^^^^^^^^^^^^^^^^^^^^^^^^^^
  File "C:\Users\ernandadwi\OneDrive\Documents\Semester 5\AI\Percobaan 3\.venv\Lib\site-packages\pycaret\internal\metrics.py", line 144, in __call__
    return self.score_func(y_true, y_pred, **kwargs)
           ^^^^^^^^^^^^^^^^^^^^^^^^^^^^^^^^^^^^^^^^^
  File "C:\Users\ernandadwi\OneDrive\Documents\Semester 5\AI\Percobaan 3\.venv\Lib\site-packages\sklearn\utils\_param_validation.py", line 213, in wrapper
    return func(*args, **kwargs)
           ^^^^^^^^^^^^^^^^^^^^^
  File "C:\Users\ernandadwi\OneDrive\Documents\Semester 5\AI\Percobaan 3\.venv\Lib\site-packages\sklearn\metrics\_ranking.py", line 634, in roc_auc_score
    return _multiclass_roc_auc_score(
           ^^^^^^^^^^^^^^^^^^^^^^^^^^
  File "C:\Users\ernandadwi\OneDrive\Documents\Semester 5\AI\Percobaan 3\.venv\Lib\site-packages\sklearn\metrics\_ranking.py", line 707, in _multiclass_roc_auc_score
    raise ValueError(
ValueError: Target scores need to be probabilities for multiclass roc_auc, i.e. they should sum up to 1.0 over classes

  warnings.warn(

2026-09-17 17:37:41,144:WARNING:C:\Users\ernandadwi\OneDrive\Documents\Semester 5\AI\Percobaan 3\.venv\Lib\site-packages\pycaret\internal\metrics.py:204: FitFailedWarning: Metric 'make_scorer(roc_auc_score, response_method=('decision_function', 'predict_proba'), average=weighted, multi_class=ovr)' failed and error score 0.0 has been returned instead. If this is a custom metric, this usually means that the error is in the metric code. Full exception below:
Traceback (most recent call last):
  File "C:\Users\ernandadwi\OneDrive\Documents\Semester 5\AI\Percobaan 3\.venv\Lib\site-packages\pycaret\internal\metrics.py", line 196, in _score
    return super()._score(
           ^^^^^^^^^^^^^^^
  File "C:\Users\ernandadwi\OneDrive\Documents\Semester 5\AI\Percobaan 3\.venv\Lib\site-packages\sklearn\metrics\_scorer.py", line 350, in _score
    return self._sign * self._score_func(y_true, y_pred, **scoring_kwargs)
                        ^^^^^^^^^^^^^^^^^^^^^^^^^^^^^^^^^^^^^^^^^^^^^^^^^^
  File "C:\Users\ernandadwi\OneDrive\Documents\Semester 5\AI\Percobaan 3\.venv\Lib\site-packages\pycaret\internal\metrics.py", line 144, in __call__
    return self.score_func(y_true, y_pred, **kwargs)
           ^^^^^^^^^^^^^^^^^^^^^^^^^^^^^^^^^^^^^^^^^
  File "C:\Users\ernandadwi\OneDrive\Documents\Semester 5\AI\Percobaan 3\.venv\Lib\site-packages\sklearn\utils\_param_validation.py", line 213, in wrapper
    return func(*args, **kwargs)
           ^^^^^^^^^^^^^^^^^^^^^
  File "C:\Users\ernandadwi\OneDrive\Documents\Semester 5\AI\Percobaan 3\.venv\Lib\site-packages\sklearn\metrics\_ranking.py", line 634, in roc_auc_score
    return _multiclass_roc_auc_score(
           ^^^^^^^^^^^^^^^^^^^^^^^^^^
  File "C:\Users\ernandadwi\OneDrive\Documents\Semester 5\AI\Percobaan 3\.venv\Lib\site-packages\sklearn\metrics\_ranking.py", line 707, in _multiclass_roc_auc_score
    raise ValueError(
ValueError: Target scores need to be probabilities for multiclass roc_auc, i.e. they should sum up to 1.0 over classes

  warnings.warn(

2026-09-17 17:37:41,152:WARNING:C:\Users\ernandadwi\OneDrive\Documents\Semester 5\AI\Percobaan 3\.venv\Lib\site-packages\pycaret\internal\metrics.py:204: FitFailedWarning: Metric 'make_scorer(roc_auc_score, response_method=('decision_function', 'predict_proba'), average=weighted, multi_class=ovr)' failed and error score 0.0 has been returned instead. If this is a custom metric, this usually means that the error is in the metric code. Full exception below:
Traceback (most recent call last):
  File "C:\Users\ernandadwi\OneDrive\Documents\Semester 5\AI\Percobaan 3\.venv\Lib\site-packages\pycaret\internal\metrics.py", line 196, in _score
    return super()._score(
           ^^^^^^^^^^^^^^^
  File "C:\Users\ernandadwi\OneDrive\Documents\Semester 5\AI\Percobaan 3\.venv\Lib\site-packages\sklearn\metrics\_scorer.py", line 350, in _score
    return self._sign * self._score_func(y_true, y_pred, **scoring_kwargs)
                        ^^^^^^^^^^^^^^^^^^^^^^^^^^^^^^^^^^^^^^^^^^^^^^^^^^
  File "C:\Users\ernandadwi\OneDrive\Documents\Semester 5\AI\Percobaan 3\.venv\Lib\site-packages\pycaret\internal\metrics.py", line 144, in __call__
    return self.score_func(y_true, y_pred, **kwargs)
           ^^^^^^^^^^^^^^^^^^^^^^^^^^^^^^^^^^^^^^^^^
  File "C:\Users\ernandadwi\OneDrive\Documents\Semester 5\AI\Percobaan 3\.venv\Lib\site-packages\sklearn\utils\_param_validation.py", line 213, in wrapper
    return func(*args, **kwargs)
           ^^^^^^^^^^^^^^^^^^^^^
  File "C:\Users\ernandadwi\OneDrive\Documents\Semester 5\AI\Percobaan 3\.venv\Lib\site-packages\sklearn\metrics\_ranking.py", line 634, in roc_auc_score
    return _multiclass_roc_auc_score(
           ^^^^^^^^^^^^^^^^^^^^^^^^^^
  File "C:\Users\ernandadwi\OneDrive\Documents\Semester 5\AI\Percobaan 3\.venv\Lib\site-packages\sklearn\metrics\_ranking.py", line 707, in _multiclass_roc_auc_score
    raise ValueError(
ValueError: Target scores need to be probabilities for multiclass roc_auc, i.e. they should sum up to 1.0 over classes

  warnings.warn(

2026-09-17 17:37:41,159:WARNING:C:\Users\ernandadwi\OneDrive\Documents\Semester 5\AI\Percobaan 3\.venv\Lib\site-packages\pycaret\internal\metrics.py:204: FitFailedWarning: Metric 'make_scorer(roc_auc_score, response_method=('decision_function', 'predict_proba'), average=weighted, multi_class=ovr)' failed and error score 0.0 has been returned instead. If this is a custom metric, this usually means that the error is in the metric code. Full exception below:
Traceback (most recent call last):
  File "C:\Users\ernandadwi\OneDrive\Documents\Semester 5\AI\Percobaan 3\.venv\Lib\site-packages\pycaret\internal\metrics.py", line 196, in _score
    return super()._score(
           ^^^^^^^^^^^^^^^
  File "C:\Users\ernandadwi\OneDrive\Documents\Semester 5\AI\Percobaan 3\.venv\Lib\site-packages\sklearn\metrics\_scorer.py", line 350, in _score
    return self._sign * self._score_func(y_true, y_pred, **scoring_kwargs)
                        ^^^^^^^^^^^^^^^^^^^^^^^^^^^^^^^^^^^^^^^^^^^^^^^^^^
  File "C:\Users\ernandadwi\OneDrive\Documents\Semester 5\AI\Percobaan 3\.venv\Lib\site-packages\pycaret\internal\metrics.py", line 144, in __call__
    return self.score_func(y_true, y_pred, **kwargs)
           ^^^^^^^^^^^^^^^^^^^^^^^^^^^^^^^^^^^^^^^^^
  File "C:\Users\ernandadwi\OneDrive\Documents\Semester 5\AI\Percobaan 3\.venv\Lib\site-packages\sklearn\utils\_param_validation.py", line 213, in wrapper
    return func(*args, **kwargs)
           ^^^^^^^^^^^^^^^^^^^^^
  File "C:\Users\ernandadwi\OneDrive\Documents\Semester 5\AI\Percobaan 3\.venv\Lib\site-packages\sklearn\metrics\_ranking.py", line 634, in roc_auc_score
    return _multiclass_roc_auc_score(
           ^^^^^^^^^^^^^^^^^^^^^^^^^^
  File "C:\Users\ernandadwi\OneDrive\Documents\Semester 5\AI\Percobaan 3\.venv\Lib\site-packages\sklearn\metrics\_ranking.py", line 707, in _multiclass_roc_auc_score
    raise ValueError(
ValueError: Target scores need to be probabilities for multiclass roc_auc, i.e. they should sum up to 1.0 over classes

  warnings.warn(

2026-09-17 17:37:41,163:WARNING:C:\Users\ernandadwi\OneDrive\Documents\Semester 5\AI\Percobaan 3\.venv\Lib\site-packages\pycaret\internal\metrics.py:204: FitFailedWarning: Metric 'make_scorer(roc_auc_score, response_method=('decision_function', 'predict_proba'), average=weighted, multi_class=ovr)' failed and error score 0.0 has been returned instead. If this is a custom metric, this usually means that the error is in the metric code. Full exception below:
Traceback (most recent call last):
  File "C:\Users\ernandadwi\OneDrive\Documents\Semester 5\AI\Percobaan 3\.venv\Lib\site-packages\pycaret\internal\metrics.py", line 196, in _score
    return super()._score(
           ^^^^^^^^^^^^^^^
  File "C:\Users\ernandadwi\OneDrive\Documents\Semester 5\AI\Percobaan 3\.venv\Lib\site-packages\sklearn\metrics\_scorer.py", line 350, in _score
    return self._sign * self._score_func(y_true, y_pred, **scoring_kwargs)
                        ^^^^^^^^^^^^^^^^^^^^^^^^^^^^^^^^^^^^^^^^^^^^^^^^^^
  File "C:\Users\ernandadwi\OneDrive\Documents\Semester 5\AI\Percobaan 3\.venv\Lib\site-packages\pycaret\internal\metrics.py", line 144, in __call__
    return self.score_func(y_true, y_pred, **kwargs)
           ^^^^^^^^^^^^^^^^^^^^^^^^^^^^^^^^^^^^^^^^^
  File "C:\Users\ernandadwi\OneDrive\Documents\Semester 5\AI\Percobaan 3\.venv\Lib\site-packages\sklearn\utils\_param_validation.py", line 213, in wrapper
    return func(*args, **kwargs)
           ^^^^^^^^^^^^^^^^^^^^^
  File "C:\Users\ernandadwi\OneDrive\Documents\Semester 5\AI\Percobaan 3\.venv\Lib\site-packages\sklearn\metrics\_ranking.py", line 634, in roc_auc_score
    return _multiclass_roc_auc_score(
           ^^^^^^^^^^^^^^^^^^^^^^^^^^
  File "C:\Users\ernandadwi\OneDrive\Documents\Semester 5\AI\Percobaan 3\.venv\Lib\site-packages\sklearn\metrics\_ranking.py", line 707, in _multiclass_roc_auc_score
    raise ValueError(
ValueError: Target scores need to be probabilities for multiclass roc_auc, i.e. they should sum up to 1.0 over classes

  warnings.warn(

2026-09-17 17:37:41,169:WARNING:C:\Users\ernandadwi\OneDrive\Documents\Semester 5\AI\Percobaan 3\.venv\Lib\site-packages\pycaret\internal\metrics.py:204: FitFailedWarning: Metric 'make_scorer(roc_auc_score, response_method=('decision_function', 'predict_proba'), average=weighted, multi_class=ovr)' failed and error score 0.0 has been returned instead. If this is a custom metric, this usually means that the error is in the metric code. Full exception below:
Traceback (most recent call last):
  File "C:\Users\ernandadwi\OneDrive\Documents\Semester 5\AI\Percobaan 3\.venv\Lib\site-packages\pycaret\internal\metrics.py", line 196, in _score
    return super()._score(
           ^^^^^^^^^^^^^^^
  File "C:\Users\ernandadwi\OneDrive\Documents\Semester 5\AI\Percobaan 3\.venv\Lib\site-packages\sklearn\metrics\_scorer.py", line 350, in _score
    return self._sign * self._score_func(y_true, y_pred, **scoring_kwargs)
                        ^^^^^^^^^^^^^^^^^^^^^^^^^^^^^^^^^^^^^^^^^^^^^^^^^^
  File "C:\Users\ernandadwi\OneDrive\Documents\Semester 5\AI\Percobaan 3\.venv\Lib\site-packages\pycaret\internal\metrics.py", line 144, in __call__
    return self.score_func(y_true, y_pred, **kwargs)
           ^^^^^^^^^^^^^^^^^^^^^^^^^^^^^^^^^^^^^^^^^
  File "C:\Users\ernandadwi\OneDrive\Documents\Semester 5\AI\Percobaan 3\.venv\Lib\site-packages\sklearn\utils\_param_validation.py", line 213, in wrapper
    return func(*args, **kwargs)
           ^^^^^^^^^^^^^^^^^^^^^
  File "C:\Users\ernandadwi\OneDrive\Documents\Semester 5\AI\Percobaan 3\.venv\Lib\site-packages\sklearn\metrics\_ranking.py", line 634, in roc_auc_score
    return _multiclass_roc_auc_score(
           ^^^^^^^^^^^^^^^^^^^^^^^^^^
  File "C:\Users\ernandadwi\OneDrive\Documents\Semester 5\AI\Percobaan 3\.venv\Lib\site-packages\sklearn\metrics\_ranking.py", line 707, in _multiclass_roc_auc_score
    raise ValueError(
ValueError: Target scores need to be probabilities for multiclass roc_auc, i.e. they should sum up to 1.0 over classes

  warnings.warn(

2026-09-17 17:37:41,171:WARNING:C:\Users\ernandadwi\OneDrive\Documents\Semester 5\AI\Percobaan 3\.venv\Lib\site-packages\pycaret\internal\metrics.py:204: FitFailedWarning: Metric 'make_scorer(roc_auc_score, response_method=('decision_function', 'predict_proba'), average=weighted, multi_class=ovr)' failed and error score 0.0 has been returned instead. If this is a custom metric, this usually means that the error is in the metric code. Full exception below:
Traceback (most recent call last):
  File "C:\Users\ernandadwi\OneDrive\Documents\Semester 5\AI\Percobaan 3\.venv\Lib\site-packages\pycaret\internal\metrics.py", line 196, in _score
    return super()._score(
           ^^^^^^^^^^^^^^^
  File "C:\Users\ernandadwi\OneDrive\Documents\Semester 5\AI\Percobaan 3\.venv\Lib\site-packages\sklearn\metrics\_scorer.py", line 350, in _score
    return self._sign * self._score_func(y_true, y_pred, **scoring_kwargs)
                        ^^^^^^^^^^^^^^^^^^^^^^^^^^^^^^^^^^^^^^^^^^^^^^^^^^
  File "C:\Users\ernandadwi\OneDrive\Documents\Semester 5\AI\Percobaan 3\.venv\Lib\site-packages\pycaret\internal\metrics.py", line 144, in __call__
    return self.score_func(y_true, y_pred, **kwargs)
           ^^^^^^^^^^^^^^^^^^^^^^^^^^^^^^^^^^^^^^^^^
  File "C:\Users\ernandadwi\OneDrive\Documents\Semester 5\AI\Percobaan 3\.venv\Lib\site-packages\sklearn\utils\_param_validation.py", line 213, in wrapper
    return func(*args, **kwargs)
           ^^^^^^^^^^^^^^^^^^^^^
  File "C:\Users\ernandadwi\OneDrive\Documents\Semester 5\AI\Percobaan 3\.venv\Lib\site-packages\sklearn\metrics\_ranking.py", line 634, in roc_auc_score
    return _multiclass_roc_auc_score(
           ^^^^^^^^^^^^^^^^^^^^^^^^^^
  File "C:\Users\ernandadwi\OneDrive\Documents\Semester 5\AI\Percobaan 3\.venv\Lib\site-packages\sklearn\metrics\_ranking.py", line 707, in _multiclass_roc_auc_score
    raise ValueError(
ValueError: Target scores need to be probabilities for multiclass roc_auc, i.e. they should sum up to 1.0 over classes

  warnings.warn(

2026-09-17 17:37:41,182:INFO:Calculating mean and std
2026-09-17 17:37:41,183:INFO:Creating metrics dataframe
2026-09-17 17:37:41,184:INFO:Uploading results into container
2026-09-17 17:37:41,184:INFO:Uploading model into container now
2026-09-17 17:37:41,184:INFO:_master_model_container: 10
2026-09-17 17:37:41,184:INFO:_display_container: 2
2026-09-17 17:37:41,185:INFO:GradientBoostingClassifier(ccp_alpha=0.0, criterion='friedman_mse', init=None,
                           learning_rate=0.1, loss='log_loss', max_depth=3,
                           max_features=None, max_leaf_nodes=None,
                           min_impurity_decrease=0.0, min_samples_leaf=1,
                           min_samples_split=2, min_weight_fraction_leaf=0.0,
                           n_estimators=100, n_iter_no_change=None,
                           random_state=7197, subsample=1.0, tol=0.0001,
                           validation_fraction=0.1, verbose=0,
                           warm_start=False)
2026-09-17 17:37:41,185:INFO:create_model() successfully completed......................................
2026-09-17 17:37:41,231:INFO:SubProcess create_model() end ==================================
2026-09-17 17:37:41,231:INFO:Creating metrics dataframe
2026-09-17 17:37:41,233:INFO:Initializing Linear Discriminant Analysis
2026-09-17 17:37:41,233:INFO:Total runtime is 0.12145859400431315 minutes
2026-09-17 17:37:41,233:INFO:SubProcess create_model() called ==================================
2026-09-17 17:37:41,233:INFO:Initializing create_model()
2026-09-17 17:37:41,233:INFO:create_model(self=<pycaret.classification.oop.ClassificationExperiment object at 0x000001397CB66ED0>, estimator=lda, fold=StratifiedKFold(n_splits=10, random_state=None, shuffle=False), round=4, cross_validation=True, predict=True, fit_kwargs={}, groups=None, refit=False, probability_threshold=None, experiment_custom_tags=None, verbose=False, system=False, add_to_model_list=True, metrics=None, display=<pycaret.internal.display.display.CommonDisplay object at 0x0000013923A66650>, model_only=True, return_train_score=False, error_score=0.0, kwargs={})
2026-09-17 17:37:41,233:INFO:Checking exceptions
2026-09-17 17:37:41,233:INFO:Importing libraries
2026-09-17 17:37:41,233:INFO:Copying training dataset
2026-09-17 17:37:41,234:INFO:Defining folds
2026-09-17 17:37:41,235:INFO:Declaring metric variables
2026-09-17 17:37:41,235:INFO:Importing untrained model
2026-09-17 17:37:41,235:INFO:Linear Discriminant Analysis Imported successfully
2026-09-17 17:37:41,235:INFO:Starting cross validation
2026-09-17 17:37:41,235:INFO:Cross validating with StratifiedKFold(n_splits=10, random_state=None, shuffle=False), n_jobs=-1
2026-09-17 17:37:41,254:WARNING:C:\Users\ernandadwi\OneDrive\Documents\Semester 5\AI\Percobaan 3\.venv\Lib\site-packages\pycaret\internal\metrics.py:204: FitFailedWarning: Metric 'make_scorer(roc_auc_score, response_method=('decision_function', 'predict_proba'), average=weighted, multi_class=ovr)' failed and error score 0.0 has been returned instead. If this is a custom metric, this usually means that the error is in the metric code. Full exception below:
Traceback (most recent call last):
  File "C:\Users\ernandadwi\OneDrive\Documents\Semester 5\AI\Percobaan 3\.venv\Lib\site-packages\pycaret\internal\metrics.py", line 196, in _score
    return super()._score(
           ^^^^^^^^^^^^^^^
  File "C:\Users\ernandadwi\OneDrive\Documents\Semester 5\AI\Percobaan 3\.venv\Lib\site-packages\sklearn\metrics\_scorer.py", line 350, in _score
    return self._sign * self._score_func(y_true, y_pred, **scoring_kwargs)
                        ^^^^^^^^^^^^^^^^^^^^^^^^^^^^^^^^^^^^^^^^^^^^^^^^^^
  File "C:\Users\ernandadwi\OneDrive\Documents\Semester 5\AI\Percobaan 3\.venv\Lib\site-packages\pycaret\internal\metrics.py", line 144, in __call__
    return self.score_func(y_true, y_pred, **kwargs)
           ^^^^^^^^^^^^^^^^^^^^^^^^^^^^^^^^^^^^^^^^^
  File "C:\Users\ernandadwi\OneDrive\Documents\Semester 5\AI\Percobaan 3\.venv\Lib\site-packages\sklearn\utils\_param_validation.py", line 213, in wrapper
    return func(*args, **kwargs)
           ^^^^^^^^^^^^^^^^^^^^^
  File "C:\Users\ernandadwi\OneDrive\Documents\Semester 5\AI\Percobaan 3\.venv\Lib\site-packages\sklearn\metrics\_ranking.py", line 634, in roc_auc_score
    return _multiclass_roc_auc_score(
           ^^^^^^^^^^^^^^^^^^^^^^^^^^
  File "C:\Users\ernandadwi\OneDrive\Documents\Semester 5\AI\Percobaan 3\.venv\Lib\site-packages\sklearn\metrics\_ranking.py", line 707, in _multiclass_roc_auc_score
    raise ValueError(
ValueError: Target scores need to be probabilities for multiclass roc_auc, i.e. they should sum up to 1.0 over classes

  warnings.warn(

2026-09-17 17:37:41,254:WARNING:C:\Users\ernandadwi\OneDrive\Documents\Semester 5\AI\Percobaan 3\.venv\Lib\site-packages\pycaret\internal\metrics.py:204: FitFailedWarning: Metric 'make_scorer(roc_auc_score, response_method=('decision_function', 'predict_proba'), average=weighted, multi_class=ovr)' failed and error score 0.0 has been returned instead. If this is a custom metric, this usually means that the error is in the metric code. Full exception below:
Traceback (most recent call last):
  File "C:\Users\ernandadwi\OneDrive\Documents\Semester 5\AI\Percobaan 3\.venv\Lib\site-packages\pycaret\internal\metrics.py", line 196, in _score
    return super()._score(
           ^^^^^^^^^^^^^^^
  File "C:\Users\ernandadwi\OneDrive\Documents\Semester 5\AI\Percobaan 3\.venv\Lib\site-packages\sklearn\metrics\_scorer.py", line 350, in _score
    return self._sign * self._score_func(y_true, y_pred, **scoring_kwargs)
                        ^^^^^^^^^^^^^^^^^^^^^^^^^^^^^^^^^^^^^^^^^^^^^^^^^^
  File "C:\Users\ernandadwi\OneDrive\Documents\Semester 5\AI\Percobaan 3\.venv\Lib\site-packages\pycaret\internal\metrics.py", line 144, in __call__
    return self.score_func(y_true, y_pred, **kwargs)
           ^^^^^^^^^^^^^^^^^^^^^^^^^^^^^^^^^^^^^^^^^
  File "C:\Users\ernandadwi\OneDrive\Documents\Semester 5\AI\Percobaan 3\.venv\Lib\site-packages\sklearn\utils\_param_validation.py", line 213, in wrapper
    return func(*args, **kwargs)
           ^^^^^^^^^^^^^^^^^^^^^
  File "C:\Users\ernandadwi\OneDrive\Documents\Semester 5\AI\Percobaan 3\.venv\Lib\site-packages\sklearn\metrics\_ranking.py", line 634, in roc_auc_score
    return _multiclass_roc_auc_score(
           ^^^^^^^^^^^^^^^^^^^^^^^^^^
  File "C:\Users\ernandadwi\OneDrive\Documents\Semester 5\AI\Percobaan 3\.venv\Lib\site-packages\sklearn\metrics\_ranking.py", line 707, in _multiclass_roc_auc_score
    raise ValueError(
ValueError: Target scores need to be probabilities for multiclass roc_auc, i.e. they should sum up to 1.0 over classes

  warnings.warn(

2026-09-17 17:37:41,254:WARNING:C:\Users\ernandadwi\OneDrive\Documents\Semester 5\AI\Percobaan 3\.venv\Lib\site-packages\pycaret\internal\metrics.py:204: FitFailedWarning: Metric 'make_scorer(roc_auc_score, response_method=('decision_function', 'predict_proba'), average=weighted, multi_class=ovr)' failed and error score 0.0 has been returned instead. If this is a custom metric, this usually means that the error is in the metric code. Full exception below:
Traceback (most recent call last):
  File "C:\Users\ernandadwi\OneDrive\Documents\Semester 5\AI\Percobaan 3\.venv\Lib\site-packages\pycaret\internal\metrics.py", line 196, in _score
    return super()._score(
           ^^^^^^^^^^^^^^^
  File "C:\Users\ernandadwi\OneDrive\Documents\Semester 5\AI\Percobaan 3\.venv\Lib\site-packages\sklearn\metrics\_scorer.py", line 350, in _score
    return self._sign * self._score_func(y_true, y_pred, **scoring_kwargs)
                        ^^^^^^^^^^^^^^^^^^^^^^^^^^^^^^^^^^^^^^^^^^^^^^^^^^
  File "C:\Users\ernandadwi\OneDrive\Documents\Semester 5\AI\Percobaan 3\.venv\Lib\site-packages\pycaret\internal\metrics.py", line 144, in __call__
    return self.score_func(y_true, y_pred, **kwargs)
           ^^^^^^^^^^^^^^^^^^^^^^^^^^^^^^^^^^^^^^^^^
  File "C:\Users\ernandadwi\OneDrive\Documents\Semester 5\AI\Percobaan 3\.venv\Lib\site-packages\sklearn\utils\_param_validation.py", line 213, in wrapper
    return func(*args, **kwargs)
           ^^^^^^^^^^^^^^^^^^^^^
  File "C:\Users\ernandadwi\OneDrive\Documents\Semester 5\AI\Percobaan 3\.venv\Lib\site-packages\sklearn\metrics\_ranking.py", line 634, in roc_auc_score
    return _multiclass_roc_auc_score(
           ^^^^^^^^^^^^^^^^^^^^^^^^^^
  File "C:\Users\ernandadwi\OneDrive\Documents\Semester 5\AI\Percobaan 3\.venv\Lib\site-packages\sklearn\metrics\_ranking.py", line 707, in _multiclass_roc_auc_score
    raise ValueError(
ValueError: Target scores need to be probabilities for multiclass roc_auc, i.e. they should sum up to 1.0 over classes

  warnings.warn(

2026-09-17 17:37:41,256:WARNING:C:\Users\ernandadwi\OneDrive\Documents\Semester 5\AI\Percobaan 3\.venv\Lib\site-packages\pycaret\internal\metrics.py:204: FitFailedWarning: Metric 'make_scorer(roc_auc_score, response_method=('decision_function', 'predict_proba'), average=weighted, multi_class=ovr)' failed and error score 0.0 has been returned instead. If this is a custom metric, this usually means that the error is in the metric code. Full exception below:
Traceback (most recent call last):
  File "C:\Users\ernandadwi\OneDrive\Documents\Semester 5\AI\Percobaan 3\.venv\Lib\site-packages\pycaret\internal\metrics.py", line 196, in _score
    return super()._score(
           ^^^^^^^^^^^^^^^
  File "C:\Users\ernandadwi\OneDrive\Documents\Semester 5\AI\Percobaan 3\.venv\Lib\site-packages\sklearn\metrics\_scorer.py", line 350, in _score
    return self._sign * self._score_func(y_true, y_pred, **scoring_kwargs)
                        ^^^^^^^^^^^^^^^^^^^^^^^^^^^^^^^^^^^^^^^^^^^^^^^^^^
  File "C:\Users\ernandadwi\OneDrive\Documents\Semester 5\AI\Percobaan 3\.venv\Lib\site-packages\pycaret\internal\metrics.py", line 144, in __call__
    return self.score_func(y_true, y_pred, **kwargs)
           ^^^^^^^^^^^^^^^^^^^^^^^^^^^^^^^^^^^^^^^^^
  File "C:\Users\ernandadwi\OneDrive\Documents\Semester 5\AI\Percobaan 3\.venv\Lib\site-packages\sklearn\utils\_param_validation.py", line 213, in wrapper
    return func(*args, **kwargs)
           ^^^^^^^^^^^^^^^^^^^^^
  File "C:\Users\ernandadwi\OneDrive\Documents\Semester 5\AI\Percobaan 3\.venv\Lib\site-packages\sklearn\metrics\_ranking.py", line 634, in roc_auc_score
    return _multiclass_roc_auc_score(
           ^^^^^^^^^^^^^^^^^^^^^^^^^^
  File "C:\Users\ernandadwi\OneDrive\Documents\Semester 5\AI\Percobaan 3\.venv\Lib\site-packages\sklearn\metrics\_ranking.py", line 707, in _multiclass_roc_auc_score
    raise ValueError(
ValueError: Target scores need to be probabilities for multiclass roc_auc, i.e. they should sum up to 1.0 over classes

  warnings.warn(

2026-09-17 17:37:41,257:WARNING:C:\Users\ernandadwi\OneDrive\Documents\Semester 5\AI\Percobaan 3\.venv\Lib\site-packages\pycaret\internal\metrics.py:204: FitFailedWarning: Metric 'make_scorer(roc_auc_score, response_method=('decision_function', 'predict_proba'), average=weighted, multi_class=ovr)' failed and error score 0.0 has been returned instead. If this is a custom metric, this usually means that the error is in the metric code. Full exception below:
Traceback (most recent call last):
  File "C:\Users\ernandadwi\OneDrive\Documents\Semester 5\AI\Percobaan 3\.venv\Lib\site-packages\pycaret\internal\metrics.py", line 196, in _score
    return super()._score(
           ^^^^^^^^^^^^^^^
  File "C:\Users\ernandadwi\OneDrive\Documents\Semester 5\AI\Percobaan 3\.venv\Lib\site-packages\sklearn\metrics\_scorer.py", line 350, in _score
    return self._sign * self._score_func(y_true, y_pred, **scoring_kwargs)
                        ^^^^^^^^^^^^^^^^^^^^^^^^^^^^^^^^^^^^^^^^^^^^^^^^^^
  File "C:\Users\ernandadwi\OneDrive\Documents\Semester 5\AI\Percobaan 3\.venv\Lib\site-packages\pycaret\internal\metrics.py", line 144, in __call__
    return self.score_func(y_true, y_pred, **kwargs)
           ^^^^^^^^^^^^^^^^^^^^^^^^^^^^^^^^^^^^^^^^^
  File "C:\Users\ernandadwi\OneDrive\Documents\Semester 5\AI\Percobaan 3\.venv\Lib\site-packages\sklearn\utils\_param_validation.py", line 213, in wrapper
    return func(*args, **kwargs)
           ^^^^^^^^^^^^^^^^^^^^^
  File "C:\Users\ernandadwi\OneDrive\Documents\Semester 5\AI\Percobaan 3\.venv\Lib\site-packages\sklearn\metrics\_ranking.py", line 634, in roc_auc_score
    return _multiclass_roc_auc_score(
           ^^^^^^^^^^^^^^^^^^^^^^^^^^
  File "C:\Users\ernandadwi\OneDrive\Documents\Semester 5\AI\Percobaan 3\.venv\Lib\site-packages\sklearn\metrics\_ranking.py", line 707, in _multiclass_roc_auc_score
    raise ValueError(
ValueError: Target scores need to be probabilities for multiclass roc_auc, i.e. they should sum up to 1.0 over classes

  warnings.warn(

2026-09-17 17:37:41,258:WARNING:C:\Users\ernandadwi\OneDrive\Documents\Semester 5\AI\Percobaan 3\.venv\Lib\site-packages\pycaret\internal\metrics.py:204: FitFailedWarning: Metric 'make_scorer(roc_auc_score, response_method=('decision_function', 'predict_proba'), average=weighted, multi_class=ovr)' failed and error score 0.0 has been returned instead. If this is a custom metric, this usually means that the error is in the metric code. Full exception below:
Traceback (most recent call last):
  File "C:\Users\ernandadwi\OneDrive\Documents\Semester 5\AI\Percobaan 3\.venv\Lib\site-packages\pycaret\internal\metrics.py", line 196, in _score
    return super()._score(
           ^^^^^^^^^^^^^^^
  File "C:\Users\ernandadwi\OneDrive\Documents\Semester 5\AI\Percobaan 3\.venv\Lib\site-packages\sklearn\metrics\_scorer.py", line 350, in _score
    return self._sign * self._score_func(y_true, y_pred, **scoring_kwargs)
                        ^^^^^^^^^^^^^^^^^^^^^^^^^^^^^^^^^^^^^^^^^^^^^^^^^^
  File "C:\Users\ernandadwi\OneDrive\Documents\Semester 5\AI\Percobaan 3\.venv\Lib\site-packages\pycaret\internal\metrics.py", line 144, in __call__
    return self.score_func(y_true, y_pred, **kwargs)
           ^^^^^^^^^^^^^^^^^^^^^^^^^^^^^^^^^^^^^^^^^
  File "C:\Users\ernandadwi\OneDrive\Documents\Semester 5\AI\Percobaan 3\.venv\Lib\site-packages\sklearn\utils\_param_validation.py", line 213, in wrapper
    return func(*args, **kwargs)
           ^^^^^^^^^^^^^^^^^^^^^
  File "C:\Users\ernandadwi\OneDrive\Documents\Semester 5\AI\Percobaan 3\.venv\Lib\site-packages\sklearn\metrics\_ranking.py", line 634, in roc_auc_score
    return _multiclass_roc_auc_score(
           ^^^^^^^^^^^^^^^^^^^^^^^^^^
  File "C:\Users\ernandadwi\OneDrive\Documents\Semester 5\AI\Percobaan 3\.venv\Lib\site-packages\sklearn\metrics\_ranking.py", line 707, in _multiclass_roc_auc_score
    raise ValueError(
ValueError: Target scores need to be probabilities for multiclass roc_auc, i.e. they should sum up to 1.0 over classes

  warnings.warn(

2026-09-17 17:37:41,259:WARNING:C:\Users\ernandadwi\OneDrive\Documents\Semester 5\AI\Percobaan 3\.venv\Lib\site-packages\pycaret\internal\metrics.py:204: FitFailedWarning: Metric 'make_scorer(roc_auc_score, response_method=('decision_function', 'predict_proba'), average=weighted, multi_class=ovr)' failed and error score 0.0 has been returned instead. If this is a custom metric, this usually means that the error is in the metric code. Full exception below:
Traceback (most recent call last):
  File "C:\Users\ernandadwi\OneDrive\Documents\Semester 5\AI\Percobaan 3\.venv\Lib\site-packages\pycaret\internal\metrics.py", line 196, in _score
    return super()._score(
           ^^^^^^^^^^^^^^^
  File "C:\Users\ernandadwi\OneDrive\Documents\Semester 5\AI\Percobaan 3\.venv\Lib\site-packages\sklearn\metrics\_scorer.py", line 350, in _score
    return self._sign * self._score_func(y_true, y_pred, **scoring_kwargs)
                        ^^^^^^^^^^^^^^^^^^^^^^^^^^^^^^^^^^^^^^^^^^^^^^^^^^
  File "C:\Users\ernandadwi\OneDrive\Documents\Semester 5\AI\Percobaan 3\.venv\Lib\site-packages\pycaret\internal\metrics.py", line 144, in __call__
    return self.score_func(y_true, y_pred, **kwargs)
           ^^^^^^^^^^^^^^^^^^^^^^^^^^^^^^^^^^^^^^^^^
  File "C:\Users\ernandadwi\OneDrive\Documents\Semester 5\AI\Percobaan 3\.venv\Lib\site-packages\sklearn\utils\_param_validation.py", line 213, in wrapper
    return func(*args, **kwargs)
           ^^^^^^^^^^^^^^^^^^^^^
  File "C:\Users\ernandadwi\OneDrive\Documents\Semester 5\AI\Percobaan 3\.venv\Lib\site-packages\sklearn\metrics\_ranking.py", line 634, in roc_auc_score
    return _multiclass_roc_auc_score(
           ^^^^^^^^^^^^^^^^^^^^^^^^^^
  File "C:\Users\ernandadwi\OneDrive\Documents\Semester 5\AI\Percobaan 3\.venv\Lib\site-packages\sklearn\metrics\_ranking.py", line 707, in _multiclass_roc_auc_score
    raise ValueError(
ValueError: Target scores need to be probabilities for multiclass roc_auc, i.e. they should sum up to 1.0 over classes

  warnings.warn(

2026-09-17 17:37:41,259:WARNING:C:\Users\ernandadwi\OneDrive\Documents\Semester 5\AI\Percobaan 3\.venv\Lib\site-packages\pycaret\internal\metrics.py:204: FitFailedWarning: Metric 'make_scorer(roc_auc_score, response_method=('decision_function', 'predict_proba'), average=weighted, multi_class=ovr)' failed and error score 0.0 has been returned instead. If this is a custom metric, this usually means that the error is in the metric code. Full exception below:
Traceback (most recent call last):
  File "C:\Users\ernandadwi\OneDrive\Documents\Semester 5\AI\Percobaan 3\.venv\Lib\site-packages\pycaret\internal\metrics.py", line 196, in _score
    return super()._score(
           ^^^^^^^^^^^^^^^
  File "C:\Users\ernandadwi\OneDrive\Documents\Semester 5\AI\Percobaan 3\.venv\Lib\site-packages\sklearn\metrics\_scorer.py", line 350, in _score
    return self._sign * self._score_func(y_true, y_pred, **scoring_kwargs)
                        ^^^^^^^^^^^^^^^^^^^^^^^^^^^^^^^^^^^^^^^^^^^^^^^^^^
  File "C:\Users\ernandadwi\OneDrive\Documents\Semester 5\AI\Percobaan 3\.venv\Lib\site-packages\pycaret\internal\metrics.py", line 144, in __call__
    return self.score_func(y_true, y_pred, **kwargs)
           ^^^^^^^^^^^^^^^^^^^^^^^^^^^^^^^^^^^^^^^^^
  File "C:\Users\ernandadwi\OneDrive\Documents\Semester 5\AI\Percobaan 3\.venv\Lib\site-packages\sklearn\utils\_param_validation.py", line 213, in wrapper
    return func(*args, **kwargs)
           ^^^^^^^^^^^^^^^^^^^^^
  File "C:\Users\ernandadwi\OneDrive\Documents\Semester 5\AI\Percobaan 3\.venv\Lib\site-packages\sklearn\metrics\_ranking.py", line 634, in roc_auc_score
    return _multiclass_roc_auc_score(
           ^^^^^^^^^^^^^^^^^^^^^^^^^^
  File "C:\Users\ernandadwi\OneDrive\Documents\Semester 5\AI\Percobaan 3\.venv\Lib\site-packages\sklearn\metrics\_ranking.py", line 707, in _multiclass_roc_auc_score
    raise ValueError(
ValueError: Target scores need to be probabilities for multiclass roc_auc, i.e. they should sum up to 1.0 over classes

  warnings.warn(

2026-09-17 17:37:41,259:WARNING:C:\Users\ernandadwi\OneDrive\Documents\Semester 5\AI\Percobaan 3\.venv\Lib\site-packages\pycaret\internal\metrics.py:204: FitFailedWarning: Metric 'make_scorer(roc_auc_score, response_method=('decision_function', 'predict_proba'), average=weighted, multi_class=ovr)' failed and error score 0.0 has been returned instead. If this is a custom metric, this usually means that the error is in the metric code. Full exception below:
Traceback (most recent call last):
  File "C:\Users\ernandadwi\OneDrive\Documents\Semester 5\AI\Percobaan 3\.venv\Lib\site-packages\pycaret\internal\metrics.py", line 196, in _score
    return super()._score(
           ^^^^^^^^^^^^^^^
  File "C:\Users\ernandadwi\OneDrive\Documents\Semester 5\AI\Percobaan 3\.venv\Lib\site-packages\sklearn\metrics\_scorer.py", line 350, in _score
    return self._sign * self._score_func(y_true, y_pred, **scoring_kwargs)
                        ^^^^^^^^^^^^^^^^^^^^^^^^^^^^^^^^^^^^^^^^^^^^^^^^^^
  File "C:\Users\ernandadwi\OneDrive\Documents\Semester 5\AI\Percobaan 3\.venv\Lib\site-packages\pycaret\internal\metrics.py", line 144, in __call__
    return self.score_func(y_true, y_pred, **kwargs)
           ^^^^^^^^^^^^^^^^^^^^^^^^^^^^^^^^^^^^^^^^^
  File "C:\Users\ernandadwi\OneDrive\Documents\Semester 5\AI\Percobaan 3\.venv\Lib\site-packages\sklearn\utils\_param_validation.py", line 213, in wrapper
    return func(*args, **kwargs)
           ^^^^^^^^^^^^^^^^^^^^^
  File "C:\Users\ernandadwi\OneDrive\Documents\Semester 5\AI\Percobaan 3\.venv\Lib\site-packages\sklearn\metrics\_ranking.py", line 634, in roc_auc_score
    return _multiclass_roc_auc_score(
           ^^^^^^^^^^^^^^^^^^^^^^^^^^
  File "C:\Users\ernandadwi\OneDrive\Documents\Semester 5\AI\Percobaan 3\.venv\Lib\site-packages\sklearn\metrics\_ranking.py", line 707, in _multiclass_roc_auc_score
    raise ValueError(
ValueError: Target scores need to be probabilities for multiclass roc_auc, i.e. they should sum up to 1.0 over classes

  warnings.warn(

2026-09-17 17:37:41,261:WARNING:C:\Users\ernandadwi\OneDrive\Documents\Semester 5\AI\Percobaan 3\.venv\Lib\site-packages\pycaret\internal\metrics.py:204: FitFailedWarning: Metric 'make_scorer(roc_auc_score, response_method=('decision_function', 'predict_proba'), average=weighted, multi_class=ovr)' failed and error score 0.0 has been returned instead. If this is a custom metric, this usually means that the error is in the metric code. Full exception below:
Traceback (most recent call last):
  File "C:\Users\ernandadwi\OneDrive\Documents\Semester 5\AI\Percobaan 3\.venv\Lib\site-packages\pycaret\internal\metrics.py", line 196, in _score
    return super()._score(
           ^^^^^^^^^^^^^^^
  File "C:\Users\ernandadwi\OneDrive\Documents\Semester 5\AI\Percobaan 3\.venv\Lib\site-packages\sklearn\metrics\_scorer.py", line 350, in _score
    return self._sign * self._score_func(y_true, y_pred, **scoring_kwargs)
                        ^^^^^^^^^^^^^^^^^^^^^^^^^^^^^^^^^^^^^^^^^^^^^^^^^^
  File "C:\Users\ernandadwi\OneDrive\Documents\Semester 5\AI\Percobaan 3\.venv\Lib\site-packages\pycaret\internal\metrics.py", line 144, in __call__
    return self.score_func(y_true, y_pred, **kwargs)
           ^^^^^^^^^^^^^^^^^^^^^^^^^^^^^^^^^^^^^^^^^
  File "C:\Users\ernandadwi\OneDrive\Documents\Semester 5\AI\Percobaan 3\.venv\Lib\site-packages\sklearn\utils\_param_validation.py", line 213, in wrapper
    return func(*args, **kwargs)
           ^^^^^^^^^^^^^^^^^^^^^
  File "C:\Users\ernandadwi\OneDrive\Documents\Semester 5\AI\Percobaan 3\.venv\Lib\site-packages\sklearn\metrics\_ranking.py", line 634, in roc_auc_score
    return _multiclass_roc_auc_score(
           ^^^^^^^^^^^^^^^^^^^^^^^^^^
  File "C:\Users\ernandadwi\OneDrive\Documents\Semester 5\AI\Percobaan 3\.venv\Lib\site-packages\sklearn\metrics\_ranking.py", line 707, in _multiclass_roc_auc_score
    raise ValueError(
ValueError: Target scores need to be probabilities for multiclass roc_auc, i.e. they should sum up to 1.0 over classes

  warnings.warn(

2026-09-17 17:37:41,271:INFO:Calculating mean and std
2026-09-17 17:37:41,271:INFO:Creating metrics dataframe
2026-09-17 17:37:41,272:INFO:Uploading results into container
2026-09-17 17:37:41,272:INFO:Uploading model into container now
2026-09-17 17:37:41,272:INFO:_master_model_container: 11
2026-09-17 17:37:41,273:INFO:_display_container: 2
2026-09-17 17:37:41,273:INFO:LinearDiscriminantAnalysis(covariance_estimator=None, n_components=None,
                           priors=None, shrinkage=None, solver='svd',
                           store_covariance=False, tol=0.0001)
2026-09-17 17:37:41,273:INFO:create_model() successfully completed......................................
2026-09-17 17:37:41,322:INFO:SubProcess create_model() end ==================================
2026-09-17 17:37:41,322:INFO:Creating metrics dataframe
2026-09-17 17:37:41,323:INFO:Initializing Extra Trees Classifier
2026-09-17 17:37:41,323:INFO:Total runtime is 0.12295932372411092 minutes
2026-09-17 17:37:41,324:INFO:SubProcess create_model() called ==================================
2026-09-17 17:37:41,324:INFO:Initializing create_model()
2026-09-17 17:37:41,324:INFO:create_model(self=<pycaret.classification.oop.ClassificationExperiment object at 0x000001397CB66ED0>, estimator=et, fold=StratifiedKFold(n_splits=10, random_state=None, shuffle=False), round=4, cross_validation=True, predict=True, fit_kwargs={}, groups=None, refit=False, probability_threshold=None, experiment_custom_tags=None, verbose=False, system=False, add_to_model_list=True, metrics=None, display=<pycaret.internal.display.display.CommonDisplay object at 0x0000013923A66650>, model_only=True, return_train_score=False, error_score=0.0, kwargs={})
2026-09-17 17:37:41,324:INFO:Checking exceptions
2026-09-17 17:37:41,324:INFO:Importing libraries
2026-09-17 17:37:41,324:INFO:Copying training dataset
2026-09-17 17:37:41,325:INFO:Defining folds
2026-09-17 17:37:41,325:INFO:Declaring metric variables
2026-09-17 17:37:41,326:INFO:Importing untrained model
2026-09-17 17:37:41,326:INFO:Extra Trees Classifier Imported successfully
2026-09-17 17:37:41,326:INFO:Starting cross validation
2026-09-17 17:37:41,326:INFO:Cross validating with StratifiedKFold(n_splits=10, random_state=None, shuffle=False), n_jobs=-1
2026-09-17 17:37:41,516:INFO:Calculating mean and std
2026-09-17 17:37:41,517:INFO:Creating metrics dataframe
2026-09-17 17:37:41,518:INFO:Uploading results into container
2026-09-17 17:37:41,518:INFO:Uploading model into container now
2026-09-17 17:37:41,518:INFO:_master_model_container: 12
2026-09-17 17:37:41,518:INFO:_display_container: 2
2026-09-17 17:37:41,518:INFO:ExtraTreesClassifier(bootstrap=False, ccp_alpha=0.0, class_weight=None,
                     criterion='gini', max_depth=None, max_features='sqrt',
                     max_leaf_nodes=None, max_samples=None,
                     min_impurity_decrease=0.0, min_samples_leaf=1,
                     min_samples_split=2, min_weight_fraction_leaf=0.0,
                     monotonic_cst=None, n_estimators=100, n_jobs=-1,
                     oob_score=False, random_state=7197, verbose=0,
                     warm_start=False)
2026-09-17 17:37:41,518:INFO:create_model() successfully completed......................................
2026-09-17 17:37:41,566:INFO:SubProcess create_model() end ==================================
2026-09-17 17:37:41,566:INFO:Creating metrics dataframe
2026-09-17 17:37:41,567:INFO:Initializing Extreme Gradient Boosting
2026-09-17 17:37:41,567:INFO:Total runtime is 0.12702762683232624 minutes
2026-09-17 17:37:41,568:INFO:SubProcess create_model() called ==================================
2026-09-17 17:37:41,568:INFO:Initializing create_model()
2026-09-17 17:37:41,568:INFO:create_model(self=<pycaret.classification.oop.ClassificationExperiment object at 0x000001397CB66ED0>, estimator=xgboost, fold=StratifiedKFold(n_splits=10, random_state=None, shuffle=False), round=4, cross_validation=True, predict=True, fit_kwargs={}, groups=None, refit=False, probability_threshold=None, experiment_custom_tags=None, verbose=False, system=False, add_to_model_list=True, metrics=None, display=<pycaret.internal.display.display.CommonDisplay object at 0x0000013923A66650>, model_only=True, return_train_score=False, error_score=0.0, kwargs={})
2026-09-17 17:37:41,568:INFO:Checking exceptions
2026-09-17 17:37:41,568:INFO:Importing libraries
2026-09-17 17:37:41,568:INFO:Copying training dataset
2026-09-17 17:37:41,569:INFO:Defining folds
2026-09-17 17:37:41,569:INFO:Declaring metric variables
2026-09-17 17:37:41,569:INFO:Importing untrained model
2026-09-17 17:37:41,571:INFO:Extreme Gradient Boosting Imported successfully
2026-09-17 17:37:41,571:INFO:Starting cross validation
2026-09-17 17:37:41,571:INFO:Cross validating with StratifiedKFold(n_splits=10, random_state=None, shuffle=False), n_jobs=-1
2026-09-17 17:37:43,954:INFO:Calculating mean and std
2026-09-17 17:37:43,954:INFO:Creating metrics dataframe
2026-09-17 17:37:43,956:INFO:Uploading results into container
2026-09-17 17:37:43,956:INFO:Uploading model into container now
2026-09-17 17:37:43,956:INFO:_master_model_container: 13
2026-09-17 17:37:43,956:INFO:_display_container: 2
2026-09-17 17:37:43,957:INFO:XGBClassifier(base_score=None, booster='gbtree', callbacks=None,
              colsample_bylevel=None, colsample_bynode=None,
              colsample_bytree=None, device='cpu', early_stopping_rounds=None,
              enable_categorical=False, eval_metric=None, feature_types=None,
              gamma=None, grow_policy=None, importance_type=None,
              interaction_constraints=None, learning_rate=None, max_bin=None,
              max_cat_threshold=None, max_cat_to_onehot=None,
              max_delta_step=None, max_depth=None, max_leaves=None,
              min_child_weight=None, missing=nan, monotone_constraints=None,
              multi_strategy=None, n_estimators=None, n_jobs=-1,
              num_parallel_tree=None, objective='binary:logistic', ...)
2026-09-17 17:37:43,957:INFO:create_model() successfully completed......................................
2026-09-17 17:37:44,021:INFO:SubProcess create_model() end ==================================
2026-09-17 17:37:44,021:INFO:Creating metrics dataframe
2026-09-17 17:37:44,022:INFO:Initializing Light Gradient Boosting Machine
2026-09-17 17:37:44,022:INFO:Total runtime is 0.16794575055440264 minutes
2026-09-17 17:37:44,022:INFO:SubProcess create_model() called ==================================
2026-09-17 17:37:44,022:INFO:Initializing create_model()
2026-09-17 17:37:44,022:INFO:create_model(self=<pycaret.classification.oop.ClassificationExperiment object at 0x000001397CB66ED0>, estimator=lightgbm, fold=StratifiedKFold(n_splits=10, random_state=None, shuffle=False), round=4, cross_validation=True, predict=True, fit_kwargs={}, groups=None, refit=False, probability_threshold=None, experiment_custom_tags=None, verbose=False, system=False, add_to_model_list=True, metrics=None, display=<pycaret.internal.display.display.CommonDisplay object at 0x0000013923A66650>, model_only=True, return_train_score=False, error_score=0.0, kwargs={})
2026-09-17 17:37:44,022:INFO:Checking exceptions
2026-09-17 17:37:44,022:INFO:Importing libraries
2026-09-17 17:37:44,022:INFO:Copying training dataset
2026-09-17 17:37:44,024:INFO:Defining folds
2026-09-17 17:37:44,024:INFO:Declaring metric variables
2026-09-17 17:37:44,024:INFO:Importing untrained model
2026-09-17 17:37:44,024:INFO:Light Gradient Boosting Machine Imported successfully
2026-09-17 17:37:44,025:INFO:Starting cross validation
2026-09-17 17:37:44,025:INFO:Cross validating with StratifiedKFold(n_splits=10, random_state=None, shuffle=False), n_jobs=-1
2026-09-17 17:37:44,116:WARNING:create_model() for lightgbm raised an exception or returned all 0.0, trying without fit_kwargs:
2026-09-17 17:37:44,120:WARNING:Traceback (most recent call last):
  File "C:\Users\ernandadwi\OneDrive\Documents\Semester 5\AI\Percobaan 3\.venv\Lib\site-packages\pycaret\internal\pycaret_experiment\supervised_experiment.py", line 794, in compare_models
    model, model_fit_time = self._create_model(**create_model_args)
                            ^^^^^^^^^^^^^^^^^^^^^^^^^^^^^^^^^^^^^^^
  File "C:\Users\ernandadwi\OneDrive\Documents\Semester 5\AI\Percobaan 3\.venv\Lib\site-packages\pycaret\internal\pycaret_experiment\supervised_experiment.py", line 1533, in _create_model
    model, model_fit_time, model_results, _ = self._create_model_with_cv(
                                              ^^^^^^^^^^^^^^^^^^^^^^^^^^^
  File "C:\Users\ernandadwi\OneDrive\Documents\Semester 5\AI\Percobaan 3\.venv\Lib\site-packages\pycaret\internal\pycaret_experiment\supervised_experiment.py", line 1126, in _create_model_with_cv
    scores = cross_validate(
             ^^^^^^^^^^^^^^^
  File "C:\Users\ernandadwi\OneDrive\Documents\Semester 5\AI\Percobaan 3\.venv\Lib\site-packages\sklearn\utils\_param_validation.py", line 213, in wrapper
    return func(*args, **kwargs)
           ^^^^^^^^^^^^^^^^^^^^^
  File "C:\Users\ernandadwi\OneDrive\Documents\Semester 5\AI\Percobaan 3\.venv\Lib\site-packages\sklearn\model_selection\_validation.py", line 450, in cross_validate
    _warn_or_raise_about_fit_failures(results, error_score)
  File "C:\Users\ernandadwi\OneDrive\Documents\Semester 5\AI\Percobaan 3\.venv\Lib\site-packages\sklearn\model_selection\_validation.py", line 536, in _warn_or_raise_about_fit_failures
    raise ValueError(all_fits_failed_message)
ValueError: 
All the 10 fits failed.
It is very likely that your model is misconfigured.
You can try to debug the error by setting error_score='raise'.

Below are more details about the failures:
--------------------------------------------------------------------------------
10 fits failed with the following error:
Traceback (most recent call last):
  File "C:\Users\ernandadwi\OneDrive\Documents\Semester 5\AI\Percobaan 3\.venv\Lib\site-packages\sklearn\model_selection\_validation.py", line 895, in _fit_and_score
    estimator.fit(X_train, y_train, **fit_params)
  File "C:\Users\ernandadwi\OneDrive\Documents\Semester 5\AI\Percobaan 3\.venv\Lib\site-packages\pycaret\internal\pipeline.py", line 278, in fit
    fitted_estimator = self._memory_fit(
                       ^^^^^^^^^^^^^^^^^
  File "C:\Users\ernandadwi\OneDrive\Documents\Semester 5\AI\Percobaan 3\.venv\Lib\site-packages\joblib\memory.py", line 353, in __call__
    return self.func(*args, **kwargs)
           ^^^^^^^^^^^^^^^^^^^^^^^^^^
  File "C:\Users\ernandadwi\OneDrive\Documents\Semester 5\AI\Percobaan 3\.venv\Lib\site-packages\pycaret\internal\pipeline.py", line 69, in _fit_one
    transformer.fit(*args)
  File "C:\Users\ernandadwi\OneDrive\Documents\Semester 5\AI\Percobaan 3\.venv\Lib\site-packages\lightgbm\sklearn.py", line 1704, in fit
    super().fit(
  File "C:\Users\ernandadwi\OneDrive\Documents\Semester 5\AI\Percobaan 3\.venv\Lib\site-packages\lightgbm\sklearn.py", line 1171, in fit
    self._Booster = train(
                    ^^^^^^
  File "C:\Users\ernandadwi\OneDrive\Documents\Semester 5\AI\Percobaan 3\.venv\Lib\site-packages\lightgbm\engine.py", line 296, in train
    booster = Booster(params=params, train_set=train_set)
              ^^^^^^^^^^^^^^^^^^^^^^^^^^^^^^^^^^^^^^^^^^^
  File "C:\Users\ernandadwi\OneDrive\Documents\Semester 5\AI\Percobaan 3\.venv\Lib\site-packages\lightgbm\basic.py", line 3758, in __init__
    train_set.construct()
  File "C:\Users\ernandadwi\OneDrive\Documents\Semester 5\AI\Percobaan 3\.venv\Lib\site-packages\lightgbm\basic.py", line 2574, in construct
    self._lazy_init(
  File "C:\Users\ernandadwi\OneDrive\Documents\Semester 5\AI\Percobaan 3\.venv\Lib\site-packages\lightgbm\basic.py", line 2189, in _lazy_init
    self.set_label(label)
  File "C:\Users\ernandadwi\OneDrive\Documents\Semester 5\AI\Percobaan 3\.venv\Lib\site-packages\lightgbm\basic.py", line 3097, in set_label
    self.set_field("label", label_array)
  File "C:\Users\ernandadwi\OneDrive\Documents\Semester 5\AI\Percobaan 3\.venv\Lib\site-packages\lightgbm\basic.py", line 2860, in set_field
    _LIB.LGBM_DatasetSetField(
OSError: exception: access violation reading 0x0000000000000000


2026-09-17 17:37:44,120:INFO:Initializing create_model()
2026-09-17 17:37:44,120:INFO:create_model(self=<pycaret.classification.oop.ClassificationExperiment object at 0x000001397CB66ED0>, estimator=lightgbm, fold=StratifiedKFold(n_splits=10, random_state=None, shuffle=False), round=4, cross_validation=True, predict=True, fit_kwargs={}, groups=None, refit=False, probability_threshold=None, experiment_custom_tags=None, verbose=False, system=False, add_to_model_list=True, metrics=None, display=<pycaret.internal.display.display.CommonDisplay object at 0x0000013923A66650>, model_only=True, return_train_score=False, error_score=0.0, kwargs={})
2026-09-17 17:37:44,120:INFO:Checking exceptions
2026-09-17 17:37:44,120:INFO:Importing libraries
2026-09-17 17:37:44,120:INFO:Copying training dataset
2026-09-17 17:37:44,122:INFO:Defining folds
2026-09-17 17:37:44,122:INFO:Declaring metric variables
2026-09-17 17:37:44,123:INFO:Importing untrained model
2026-09-17 17:37:44,123:INFO:Light Gradient Boosting Machine Imported successfully
2026-09-17 17:37:44,123:INFO:Starting cross validation
2026-09-17 17:37:44,124:INFO:Cross validating with StratifiedKFold(n_splits=10, random_state=None, shuffle=False), n_jobs=-1
2026-09-17 17:37:44,206:ERROR:create_model() for lightgbm raised an exception or returned all 0.0:
2026-09-17 17:37:44,207:ERROR:Traceback (most recent call last):
  File "C:\Users\ernandadwi\OneDrive\Documents\Semester 5\AI\Percobaan 3\.venv\Lib\site-packages\pycaret\internal\pycaret_experiment\supervised_experiment.py", line 794, in compare_models
    model, model_fit_time = self._create_model(**create_model_args)
                            ^^^^^^^^^^^^^^^^^^^^^^^^^^^^^^^^^^^^^^^
  File "C:\Users\ernandadwi\OneDrive\Documents\Semester 5\AI\Percobaan 3\.venv\Lib\site-packages\pycaret\internal\pycaret_experiment\supervised_experiment.py", line 1533, in _create_model
    model, model_fit_time, model_results, _ = self._create_model_with_cv(
                                              ^^^^^^^^^^^^^^^^^^^^^^^^^^^
  File "C:\Users\ernandadwi\OneDrive\Documents\Semester 5\AI\Percobaan 3\.venv\Lib\site-packages\pycaret\internal\pycaret_experiment\supervised_experiment.py", line 1126, in _create_model_with_cv
    scores = cross_validate(
             ^^^^^^^^^^^^^^^
  File "C:\Users\ernandadwi\OneDrive\Documents\Semester 5\AI\Percobaan 3\.venv\Lib\site-packages\sklearn\utils\_param_validation.py", line 213, in wrapper
    return func(*args, **kwargs)
           ^^^^^^^^^^^^^^^^^^^^^
  File "C:\Users\ernandadwi\OneDrive\Documents\Semester 5\AI\Percobaan 3\.venv\Lib\site-packages\sklearn\model_selection\_validation.py", line 450, in cross_validate
    _warn_or_raise_about_fit_failures(results, error_score)
  File "C:\Users\ernandadwi\OneDrive\Documents\Semester 5\AI\Percobaan 3\.venv\Lib\site-packages\sklearn\model_selection\_validation.py", line 536, in _warn_or_raise_about_fit_failures
    raise ValueError(all_fits_failed_message)
ValueError: 
All the 10 fits failed.
It is very likely that your model is misconfigured.
You can try to debug the error by setting error_score='raise'.

Below are more details about the failures:
--------------------------------------------------------------------------------
10 fits failed with the following error:
Traceback (most recent call last):
  File "C:\Users\ernandadwi\OneDrive\Documents\Semester 5\AI\Percobaan 3\.venv\Lib\site-packages\sklearn\model_selection\_validation.py", line 895, in _fit_and_score
    estimator.fit(X_train, y_train, **fit_params)
  File "C:\Users\ernandadwi\OneDrive\Documents\Semester 5\AI\Percobaan 3\.venv\Lib\site-packages\pycaret\internal\pipeline.py", line 278, in fit
    fitted_estimator = self._memory_fit(
                       ^^^^^^^^^^^^^^^^^
  File "C:\Users\ernandadwi\OneDrive\Documents\Semester 5\AI\Percobaan 3\.venv\Lib\site-packages\joblib\memory.py", line 353, in __call__
    return self.func(*args, **kwargs)
           ^^^^^^^^^^^^^^^^^^^^^^^^^^
  File "C:\Users\ernandadwi\OneDrive\Documents\Semester 5\AI\Percobaan 3\.venv\Lib\site-packages\pycaret\internal\pipeline.py", line 69, in _fit_one
    transformer.fit(*args)
  File "C:\Users\ernandadwi\OneDrive\Documents\Semester 5\AI\Percobaan 3\.venv\Lib\site-packages\lightgbm\sklearn.py", line 1704, in fit
    super().fit(
  File "C:\Users\ernandadwi\OneDrive\Documents\Semester 5\AI\Percobaan 3\.venv\Lib\site-packages\lightgbm\sklearn.py", line 1171, in fit
    self._Booster = train(
                    ^^^^^^
  File "C:\Users\ernandadwi\OneDrive\Documents\Semester 5\AI\Percobaan 3\.venv\Lib\site-packages\lightgbm\engine.py", line 296, in train
    booster = Booster(params=params, train_set=train_set)
              ^^^^^^^^^^^^^^^^^^^^^^^^^^^^^^^^^^^^^^^^^^^
  File "C:\Users\ernandadwi\OneDrive\Documents\Semester 5\AI\Percobaan 3\.venv\Lib\site-packages\lightgbm\basic.py", line 3758, in __init__
    train_set.construct()
  File "C:\Users\ernandadwi\OneDrive\Documents\Semester 5\AI\Percobaan 3\.venv\Lib\site-packages\lightgbm\basic.py", line 2574, in construct
    self._lazy_init(
  File "C:\Users\ernandadwi\OneDrive\Documents\Semester 5\AI\Percobaan 3\.venv\Lib\site-packages\lightgbm\basic.py", line 2189, in _lazy_init
    self.set_label(label)
  File "C:\Users\ernandadwi\OneDrive\Documents\Semester 5\AI\Percobaan 3\.venv\Lib\site-packages\lightgbm\basic.py", line 3097, in set_label
    self.set_field("label", label_array)
  File "C:\Users\ernandadwi\OneDrive\Documents\Semester 5\AI\Percobaan 3\.venv\Lib\site-packages\lightgbm\basic.py", line 2860, in set_field
    _LIB.LGBM_DatasetSetField(
OSError: exception: access violation reading 0x0000000000000000


During handling of the above exception, another exception occurred:

Traceback (most recent call last):
  File "C:\Users\ernandadwi\OneDrive\Documents\Semester 5\AI\Percobaan 3\.venv\Lib\site-packages\pycaret\internal\pycaret_experiment\supervised_experiment.py", line 815, in compare_models
    model, model_fit_time = self._create_model(**create_model_args)
                            ^^^^^^^^^^^^^^^^^^^^^^^^^^^^^^^^^^^^^^^
  File "C:\Users\ernandadwi\OneDrive\Documents\Semester 5\AI\Percobaan 3\.venv\Lib\site-packages\pycaret\internal\pycaret_experiment\supervised_experiment.py", line 1533, in _create_model
    model, model_fit_time, model_results, _ = self._create_model_with_cv(
                                              ^^^^^^^^^^^^^^^^^^^^^^^^^^^
  File "C:\Users\ernandadwi\OneDrive\Documents\Semester 5\AI\Percobaan 3\.venv\Lib\site-packages\pycaret\internal\pycaret_experiment\supervised_experiment.py", line 1126, in _create_model_with_cv
    scores = cross_validate(
             ^^^^^^^^^^^^^^^
  File "C:\Users\ernandadwi\OneDrive\Documents\Semester 5\AI\Percobaan 3\.venv\Lib\site-packages\sklearn\utils\_param_validation.py", line 213, in wrapper
    return func(*args, **kwargs)
           ^^^^^^^^^^^^^^^^^^^^^
  File "C:\Users\ernandadwi\OneDrive\Documents\Semester 5\AI\Percobaan 3\.venv\Lib\site-packages\sklearn\model_selection\_validation.py", line 450, in cross_validate
    _warn_or_raise_about_fit_failures(results, error_score)
  File "C:\Users\ernandadwi\OneDrive\Documents\Semester 5\AI\Percobaan 3\.venv\Lib\site-packages\sklearn\model_selection\_validation.py", line 536, in _warn_or_raise_about_fit_failures
    raise ValueError(all_fits_failed_message)
ValueError: 
All the 10 fits failed.
It is very likely that your model is misconfigured.
You can try to debug the error by setting error_score='raise'.

Below are more details about the failures:
--------------------------------------------------------------------------------
10 fits failed with the following error:
Traceback (most recent call last):
  File "C:\Users\ernandadwi\OneDrive\Documents\Semester 5\AI\Percobaan 3\.venv\Lib\site-packages\sklearn\model_selection\_validation.py", line 895, in _fit_and_score
    estimator.fit(X_train, y_train, **fit_params)
  File "C:\Users\ernandadwi\OneDrive\Documents\Semester 5\AI\Percobaan 3\.venv\Lib\site-packages\pycaret\internal\pipeline.py", line 278, in fit
    fitted_estimator = self._memory_fit(
                       ^^^^^^^^^^^^^^^^^
  File "C:\Users\ernandadwi\OneDrive\Documents\Semester 5\AI\Percobaan 3\.venv\Lib\site-packages\joblib\memory.py", line 353, in __call__
    return self.func(*args, **kwargs)
           ^^^^^^^^^^^^^^^^^^^^^^^^^^
  File "C:\Users\ernandadwi\OneDrive\Documents\Semester 5\AI\Percobaan 3\.venv\Lib\site-packages\pycaret\internal\pipeline.py", line 69, in _fit_one
    transformer.fit(*args)
  File "C:\Users\ernandadwi\OneDrive\Documents\Semester 5\AI\Percobaan 3\.venv\Lib\site-packages\lightgbm\sklearn.py", line 1704, in fit
    super().fit(
  File "C:\Users\ernandadwi\OneDrive\Documents\Semester 5\AI\Percobaan 3\.venv\Lib\site-packages\lightgbm\sklearn.py", line 1171, in fit
    self._Booster = train(
                    ^^^^^^
  File "C:\Users\ernandadwi\OneDrive\Documents\Semester 5\AI\Percobaan 3\.venv\Lib\site-packages\lightgbm\engine.py", line 296, in train
    booster = Booster(params=params, train_set=train_set)
              ^^^^^^^^^^^^^^^^^^^^^^^^^^^^^^^^^^^^^^^^^^^
  File "C:\Users\ernandadwi\OneDrive\Documents\Semester 5\AI\Percobaan 3\.venv\Lib\site-packages\lightgbm\basic.py", line 3758, in __init__
    train_set.construct()
  File "C:\Users\ernandadwi\OneDrive\Documents\Semester 5\AI\Percobaan 3\.venv\Lib\site-packages\lightgbm\basic.py", line 2574, in construct
    self._lazy_init(
  File "C:\Users\ernandadwi\OneDrive\Documents\Semester 5\AI\Percobaan 3\.venv\Lib\site-packages\lightgbm\basic.py", line 2189, in _lazy_init
    self.set_label(label)
  File "C:\Users\ernandadwi\OneDrive\Documents\Semester 5\AI\Percobaan 3\.venv\Lib\site-packages\lightgbm\basic.py", line 3097, in set_label
    self.set_field("label", label_array)
  File "C:\Users\ernandadwi\OneDrive\Documents\Semester 5\AI\Percobaan 3\.venv\Lib\site-packages\lightgbm\basic.py", line 2860, in set_field
    _LIB.LGBM_DatasetSetField(
OSError: exception: access violation reading 0x0000000000000000


2026-09-17 17:37:44,208:INFO:Initializing Dummy Classifier
2026-09-17 17:37:44,208:INFO:Total runtime is 0.17104163964589433 minutes
2026-09-17 17:37:44,208:INFO:SubProcess create_model() called ==================================
2026-09-17 17:37:44,208:INFO:Initializing create_model()
2026-09-17 17:37:44,208:INFO:create_model(self=<pycaret.classification.oop.ClassificationExperiment object at 0x000001397CB66ED0>, estimator=dummy, fold=StratifiedKFold(n_splits=10, random_state=None, shuffle=False), round=4, cross_validation=True, predict=True, fit_kwargs={}, groups=None, refit=False, probability_threshold=None, experiment_custom_tags=None, verbose=False, system=False, add_to_model_list=True, metrics=None, display=<pycaret.internal.display.display.CommonDisplay object at 0x0000013923A66650>, model_only=True, return_train_score=False, error_score=0.0, kwargs={})
2026-09-17 17:37:44,208:INFO:Checking exceptions
2026-09-17 17:37:44,208:INFO:Importing libraries
2026-09-17 17:37:44,208:INFO:Copying training dataset
2026-09-17 17:37:44,211:INFO:Defining folds
2026-09-17 17:37:44,211:INFO:Declaring metric variables
2026-09-17 17:37:44,211:INFO:Importing untrained model
2026-09-17 17:37:44,211:INFO:Dummy Classifier Imported successfully
2026-09-17 17:37:44,211:INFO:Starting cross validation
2026-09-17 17:37:44,212:INFO:Cross validating with StratifiedKFold(n_splits=10, random_state=None, shuffle=False), n_jobs=-1
2026-09-17 17:37:44,239:WARNING:C:\Users\ernandadwi\OneDrive\Documents\Semester 5\AI\Percobaan 3\.venv\Lib\site-packages\sklearn\metrics\_classification.py:1509: UndefinedMetricWarning: Precision is ill-defined and being set to 0.0 in labels with no predicted samples. Use `zero_division` parameter to control this behavior.
  _warn_prf(average, modifier, f"{metric.capitalize()} is", len(result))

2026-09-17 17:37:44,242:WARNING:C:\Users\ernandadwi\OneDrive\Documents\Semester 5\AI\Percobaan 3\.venv\Lib\site-packages\sklearn\metrics\_classification.py:1509: UndefinedMetricWarning: Precision is ill-defined and being set to 0.0 in labels with no predicted samples. Use `zero_division` parameter to control this behavior.
  _warn_prf(average, modifier, f"{metric.capitalize()} is", len(result))

2026-09-17 17:37:44,245:WARNING:C:\Users\ernandadwi\OneDrive\Documents\Semester 5\AI\Percobaan 3\.venv\Lib\site-packages\sklearn\metrics\_classification.py:1509: UndefinedMetricWarning: Precision is ill-defined and being set to 0.0 in labels with no predicted samples. Use `zero_division` parameter to control this behavior.
  _warn_prf(average, modifier, f"{metric.capitalize()} is", len(result))

2026-09-17 17:37:44,245:WARNING:C:\Users\ernandadwi\OneDrive\Documents\Semester 5\AI\Percobaan 3\.venv\Lib\site-packages\sklearn\metrics\_classification.py:1509: UndefinedMetricWarning: Precision is ill-defined and being set to 0.0 in labels with no predicted samples. Use `zero_division` parameter to control this behavior.
  _warn_prf(average, modifier, f"{metric.capitalize()} is", len(result))

2026-09-17 17:37:44,268:WARNING:C:\Users\ernandadwi\OneDrive\Documents\Semester 5\AI\Percobaan 3\.venv\Lib\site-packages\sklearn\metrics\_classification.py:1509: UndefinedMetricWarning: Precision is ill-defined and being set to 0.0 in labels with no predicted samples. Use `zero_division` parameter to control this behavior.
  _warn_prf(average, modifier, f"{metric.capitalize()} is", len(result))

2026-09-17 17:37:44,268:WARNING:C:\Users\ernandadwi\OneDrive\Documents\Semester 5\AI\Percobaan 3\.venv\Lib\site-packages\sklearn\metrics\_classification.py:1509: UndefinedMetricWarning: Precision is ill-defined and being set to 0.0 in labels with no predicted samples. Use `zero_division` parameter to control this behavior.
  _warn_prf(average, modifier, f"{metric.capitalize()} is", len(result))

2026-09-17 17:37:44,272:WARNING:C:\Users\ernandadwi\OneDrive\Documents\Semester 5\AI\Percobaan 3\.venv\Lib\site-packages\sklearn\metrics\_classification.py:1509: UndefinedMetricWarning: Precision is ill-defined and being set to 0.0 in labels with no predicted samples. Use `zero_division` parameter to control this behavior.
  _warn_prf(average, modifier, f"{metric.capitalize()} is", len(result))

2026-09-17 17:37:44,282:WARNING:C:\Users\ernandadwi\OneDrive\Documents\Semester 5\AI\Percobaan 3\.venv\Lib\site-packages\sklearn\metrics\_classification.py:1509: UndefinedMetricWarning: Precision is ill-defined and being set to 0.0 in labels with no predicted samples. Use `zero_division` parameter to control this behavior.
  _warn_prf(average, modifier, f"{metric.capitalize()} is", len(result))

2026-09-17 17:37:44,287:WARNING:C:\Users\ernandadwi\OneDrive\Documents\Semester 5\AI\Percobaan 3\.venv\Lib\site-packages\sklearn\metrics\_classification.py:1509: UndefinedMetricWarning: Precision is ill-defined and being set to 0.0 in labels with no predicted samples. Use `zero_division` parameter to control this behavior.
  _warn_prf(average, modifier, f"{metric.capitalize()} is", len(result))

2026-09-17 17:37:44,300:WARNING:C:\Users\ernandadwi\OneDrive\Documents\Semester 5\AI\Percobaan 3\.venv\Lib\site-packages\sklearn\metrics\_classification.py:1509: UndefinedMetricWarning: Precision is ill-defined and being set to 0.0 in labels with no predicted samples. Use `zero_division` parameter to control this behavior.
  _warn_prf(average, modifier, f"{metric.capitalize()} is", len(result))

2026-09-17 17:37:44,314:INFO:Calculating mean and std
2026-09-17 17:37:44,315:INFO:Creating metrics dataframe
2026-09-17 17:37:44,316:INFO:Uploading results into container
2026-09-17 17:37:44,317:INFO:Uploading model into container now
2026-09-17 17:37:44,317:INFO:_master_model_container: 14
2026-09-17 17:37:44,317:INFO:_display_container: 2
2026-09-17 17:37:44,317:INFO:DummyClassifier(constant=None, random_state=7197, strategy='prior')
2026-09-17 17:37:44,317:INFO:create_model() successfully completed......................................
2026-09-17 17:37:44,383:INFO:SubProcess create_model() end ==================================
2026-09-17 17:37:44,383:INFO:Creating metrics dataframe
2026-09-17 17:37:44,384:WARNING:C:\Users\ernandadwi\OneDrive\Documents\Semester 5\AI\Percobaan 3\.venv\Lib\site-packages\pycaret\internal\pycaret_experiment\supervised_experiment.py:339: FutureWarning: Styler.applymap has been deprecated. Use Styler.map instead.
  .applymap(highlight_cols, subset=["TT (Sec)"])

2026-09-17 17:37:44,386:INFO:Initializing create_model()
2026-09-17 17:37:44,386:INFO:create_model(self=<pycaret.classification.oop.ClassificationExperiment object at 0x000001397CB66ED0>, estimator=GradientBoostingClassifier(ccp_alpha=0.0, criterion='friedman_mse', init=None,
                           learning_rate=0.1, loss='log_loss', max_depth=3,
                           max_features=None, max_leaf_nodes=None,
                           min_impurity_decrease=0.0, min_samples_leaf=1,
                           min_samples_split=2, min_weight_fraction_leaf=0.0,
                           n_estimators=100, n_iter_no_change=None,
                           random_state=7197, subsample=1.0, tol=0.0001,
                           validation_fraction=0.1, verbose=0,
                           warm_start=False), fold=StratifiedKFold(n_splits=10, random_state=None, shuffle=False), round=4, cross_validation=False, predict=False, fit_kwargs={}, groups=None, refit=True, probability_threshold=None, experiment_custom_tags=None, verbose=False, system=False, add_to_model_list=True, metrics=None, display=None, model_only=True, return_train_score=False, error_score=0.0, kwargs={})
2026-09-17 17:37:44,386:INFO:Checking exceptions
2026-09-17 17:37:44,387:INFO:Importing libraries
2026-09-17 17:37:44,387:INFO:Copying training dataset
2026-09-17 17:37:44,388:INFO:Defining folds
2026-09-17 17:37:44,388:INFO:Declaring metric variables
2026-09-17 17:37:44,388:INFO:Importing untrained model
2026-09-17 17:37:44,388:INFO:Declaring custom model
2026-09-17 17:37:44,388:INFO:Gradient Boosting Classifier Imported successfully
2026-09-17 17:37:44,389:INFO:Cross validation set to False
2026-09-17 17:37:44,389:INFO:Fitting Model
2026-09-17 17:37:44,523:INFO:GradientBoostingClassifier(ccp_alpha=0.0, criterion='friedman_mse', init=None,
                           learning_rate=0.1, loss='log_loss', max_depth=3,
                           max_features=None, max_leaf_nodes=None,
                           min_impurity_decrease=0.0, min_samples_leaf=1,
                           min_samples_split=2, min_weight_fraction_leaf=0.0,
                           n_estimators=100, n_iter_no_change=None,
                           random_state=7197, subsample=1.0, tol=0.0001,
                           validation_fraction=0.1, verbose=0,
                           warm_start=False)
2026-09-17 17:37:44,523:INFO:create_model() successfully completed......................................
2026-09-17 17:37:44,596:INFO:_master_model_container: 14
2026-09-17 17:37:44,596:INFO:_display_container: 2
2026-09-17 17:37:44,597:INFO:GradientBoostingClassifier(ccp_alpha=0.0, criterion='friedman_mse', init=None,
                           learning_rate=0.1, loss='log_loss', max_depth=3,
                           max_features=None, max_leaf_nodes=None,
                           min_impurity_decrease=0.0, min_samples_leaf=1,
                           min_samples_split=2, min_weight_fraction_leaf=0.0,
                           n_estimators=100, n_iter_no_change=None,
                           random_state=7197, subsample=1.0, tol=0.0001,
                           validation_fraction=0.1, verbose=0,
                           warm_start=False)
2026-09-17 17:37:44,597:INFO:compare_models() successfully completed......................................
2026-09-17 17:47:36,493:WARNING:
'cuml' is a soft dependency and not included in the pycaret installation. Please run: `pip install cuml` to install.
2026-09-17 17:47:36,493:WARNING:
'cuml' is a soft dependency and not included in the pycaret installation. Please run: `pip install cuml` to install.
2026-09-17 17:47:36,493:WARNING:
'cuml' is a soft dependency and not included in the pycaret installation. Please run: `pip install cuml` to install.
2026-09-17 17:47:36,493:WARNING:
'cuml' is a soft dependency and not included in the pycaret installation. Please run: `pip install cuml` to install.
2026-09-17 17:47:37,135:INFO:PyCaret ClassificationExperiment
2026-09-17 17:47:37,135:INFO:Logging name: clf-default-name
2026-09-17 17:47:37,136:INFO:ML Usecase: MLUsecase.CLASSIFICATION
2026-09-17 17:47:37,136:INFO:version 3.3.2
2026-09-17 17:47:37,136:INFO:Initializing setup()
2026-09-17 17:47:37,136:INFO:self.USI: 5e34
2026-09-17 17:47:37,136:INFO:self._variable_keys: {'idx', 'log_plots_param', 'X', 'logging_param', 'y_test', '_ml_usecase', 'fold_generator', 'USI', 'pipeline', 'gpu_n_jobs_param', 'gpu_param', 'memory', 'y', 'fix_imbalance', '_available_plots', 'is_multiclass', 'target_param', 'data', 'html_param', 'exp_name_log', 'fold_shuffle_param', 'fold_groups_param', 'n_jobs_param', 'exp_id', 'X_test', 'y_train', 'X_train', 'seed'}
2026-09-17 17:47:37,136:INFO:Checking environment
2026-09-17 17:47:37,136:INFO:python_version: 3.11.6
2026-09-17 17:47:37,136:INFO:python_build: ('tags/v3.11.6:8b6ee5b', 'Oct  2 2023 14:57:12')
2026-09-17 17:47:37,136:INFO:machine: AMD64
2026-09-17 17:47:37,153:INFO:platform: Windows-10-10.0.26200-SP0
2026-09-17 17:47:37,154:INFO:Memory: svmem(total=12578578432, available=858333184, percent=93.2, used=11720245248, free=858333184)
2026-09-17 17:47:37,154:INFO:Physical Core: 10
2026-09-17 17:47:37,154:INFO:Logical Core: 16
2026-09-17 17:47:37,154:INFO:Checking libraries
2026-09-17 17:47:37,154:INFO:System:
2026-09-17 17:47:37,154:INFO:    python: 3.11.6 (tags/v3.11.6:8b6ee5b, Oct  2 2023, 14:57:12) [MSC v.1935 64 bit (AMD64)]
2026-09-17 17:47:37,154:INFO:executable: C:\Users\ernandadwi\OneDrive\Documents\Semester 5\AI\Percobaan 3\.venv\Scripts\python.exe
2026-09-17 17:47:37,154:INFO:   machine: Windows-10-10.0.26200-SP0
2026-09-17 17:47:37,154:INFO:PyCaret required dependencies:
2026-09-17 17:47:37,154:WARNING:C:\Users\ernandadwi\OneDrive\Documents\Semester 5\AI\Percobaan 3\.venv\Lib\site-packages\_distutils_hack\__init__.py:30: UserWarning: Setuptools is replacing distutils. Support for replacing an already imported distutils is deprecated. In the future, this condition will fail. Register concerns at https://github.com/pypa/setuptools/issues/new?template=distutils-deprecation.yml
  warnings.warn(

2026-09-17 17:47:37,172:INFO:                 pip: 26.2.1
2026-09-17 17:47:37,173:INFO:          setuptools: 84.0.0
2026-09-17 17:47:37,173:INFO:             pycaret: 3.3.2
2026-09-17 17:47:37,173:INFO:             IPython: 9.17.1
2026-09-17 17:47:37,173:INFO:          ipywidgets: 8.1.9
2026-09-17 17:47:37,173:INFO:                tqdm: 4.70.1
2026-09-17 17:47:37,173:INFO:               numpy: 1.26.4
2026-09-17 17:47:37,173:INFO:              pandas: 2.1.4
2026-09-17 17:47:37,173:INFO:              jinja2: 3.1.6
2026-09-17 17:47:37,173:INFO:               scipy: 1.11.4
2026-09-17 17:47:37,173:INFO:              joblib: 1.3.2
2026-09-17 17:47:37,173:INFO:             sklearn: 1.4.2
2026-09-17 17:47:37,173:INFO:                pyod: 3.4.0
2026-09-17 17:47:37,173:INFO:            imblearn: 0.14.2
2026-09-17 17:47:37,173:INFO:   category_encoders: 2.7.0
2026-09-17 17:47:37,173:INFO:            lightgbm: 4.7.0
2026-09-17 17:47:37,173:INFO:               numba: 0.67.0
2026-09-17 17:47:37,173:INFO:            requests: 2.34.2
2026-09-17 17:47:37,173:INFO:          matplotlib: 3.7.5
2026-09-17 17:47:37,173:INFO:          scikitplot: 0.3.7
2026-09-17 17:47:37,173:INFO:         yellowbrick: 1.5
2026-09-17 17:47:37,173:INFO:              plotly: 6.9.0
2026-09-17 17:47:37,173:INFO:    plotly-resampler: Not installed
2026-09-17 17:47:37,173:INFO:             kaleido: 1.4.0
2026-09-17 17:47:37,173:INFO:           schemdraw: 0.15
2026-09-17 17:47:37,173:INFO:         statsmodels: 0.15.0
2026-09-17 17:47:37,174:INFO:              sktime: 0.26.0
2026-09-17 17:47:37,174:INFO:               tbats: 1.1.3
2026-09-17 17:47:37,174:INFO:            pmdarima: 2.0.4
2026-09-17 17:47:37,174:INFO:              psutil: 7.2.2
2026-09-17 17:47:37,174:INFO:          markupsafe: 3.0.3
2026-09-17 17:47:37,174:INFO:             pickle5: Not installed
2026-09-17 17:47:37,174:INFO:         cloudpickle: 3.1.2
2026-09-17 17:47:37,174:INFO:         deprecation: 2.1.0
2026-09-17 17:47:37,174:INFO:              xxhash: 4.0.1
2026-09-17 17:47:37,174:INFO:           wurlitzer: Not installed
2026-09-17 17:47:37,174:INFO:PyCaret optional dependencies:
2026-09-17 17:47:37,218:INFO:                shap: Not installed
2026-09-17 17:47:37,218:INFO:           interpret: Not installed
2026-09-17 17:47:37,218:INFO:                umap: Not installed
2026-09-17 17:47:37,218:INFO:     ydata_profiling: Not installed
2026-09-17 17:47:37,218:INFO:  explainerdashboard: Not installed
2026-09-17 17:47:37,218:INFO:             autoviz: Not installed
2026-09-17 17:47:37,218:INFO:           fairlearn: Not installed
2026-09-17 17:47:37,218:INFO:          deepchecks: Not installed
2026-09-17 17:47:37,218:INFO:             xgboost: 2.1.4
2026-09-17 17:47:37,218:INFO:            catboost: Not installed
2026-09-17 17:47:37,218:INFO:              kmodes: Not installed
2026-09-17 17:47:37,218:INFO:             mlxtend: Not installed
2026-09-17 17:47:37,218:INFO:       statsforecast: Not installed
2026-09-17 17:47:37,218:INFO:        tune_sklearn: Not installed
2026-09-17 17:47:37,218:INFO:                 ray: Not installed
2026-09-17 17:47:37,218:INFO:            hyperopt: Not installed
2026-09-17 17:47:37,218:INFO:              optuna: Not installed
2026-09-17 17:47:37,218:INFO:               skopt: Not installed
2026-09-17 17:47:37,218:INFO:              mlflow: Not installed
2026-09-17 17:47:37,218:INFO:              gradio: Not installed
2026-09-17 17:47:37,219:INFO:             fastapi: Not installed
2026-09-17 17:47:37,219:INFO:             uvicorn: Not installed
2026-09-17 17:47:37,219:INFO:              m2cgen: Not installed
2026-09-17 17:47:37,219:INFO:           evidently: Not installed
2026-09-17 17:47:37,219:INFO:               fugue: Not installed
2026-09-17 17:47:37,219:INFO:           streamlit: Not installed
2026-09-17 17:47:37,219:INFO:             prophet: Not installed
2026-09-17 17:47:37,219:INFO:None
2026-09-17 17:47:37,219:INFO:Set up data.
2026-09-17 17:47:37,225:INFO:Set up folding strategy.
2026-09-17 17:47:37,225:INFO:Set up train/test split.
2026-09-17 17:47:37,231:INFO:Set up index.
2026-09-17 17:47:37,233:INFO:Assigning column types.
2026-09-17 17:47:37,237:INFO:Engine successfully changes for model 'lr' to 'sklearn'.
2026-09-17 17:47:37,260:INFO:Engine for model 'knn' has not been set explicitly, hence returning None.
2026-09-17 17:47:37,262:INFO:Engine for model 'rbfsvm' has not been set explicitly, hence returning None.
2026-09-17 17:47:37,282:INFO:Soft dependency imported: xgboost: 2.1.4
2026-09-17 17:47:37,283:WARNING:
'catboost' is a soft dependency and not included in the pycaret installation. Please run: `pip install catboost` to install.
Alternately, you can install this by running `pip install pycaret[models]`
2026-09-17 17:47:37,305:INFO:Engine for model 'knn' has not been set explicitly, hence returning None.
2026-09-17 17:47:37,306:INFO:Engine for model 'rbfsvm' has not been set explicitly, hence returning None.
2026-09-17 17:47:37,320:INFO:Soft dependency imported: xgboost: 2.1.4
2026-09-17 17:47:37,321:WARNING:
'catboost' is a soft dependency and not included in the pycaret installation. Please run: `pip install catboost` to install.
Alternately, you can install this by running `pip install pycaret[models]`
2026-09-17 17:47:37,322:INFO:Engine successfully changes for model 'knn' to 'sklearn'.
2026-09-17 17:47:37,345:INFO:Engine for model 'rbfsvm' has not been set explicitly, hence returning None.
2026-09-17 17:47:37,358:INFO:Soft dependency imported: xgboost: 2.1.4
2026-09-17 17:47:37,359:WARNING:
'catboost' is a soft dependency and not included in the pycaret installation. Please run: `pip install catboost` to install.
Alternately, you can install this by running `pip install pycaret[models]`
2026-09-17 17:47:37,381:INFO:Engine for model 'rbfsvm' has not been set explicitly, hence returning None.
2026-09-17 17:47:37,395:INFO:Soft dependency imported: xgboost: 2.1.4
2026-09-17 17:47:37,396:WARNING:
'catboost' is a soft dependency and not included in the pycaret installation. Please run: `pip install catboost` to install.
Alternately, you can install this by running `pip install pycaret[models]`
2026-09-17 17:47:37,397:INFO:Engine successfully changes for model 'rbfsvm' to 'sklearn'.
2026-09-17 17:47:37,433:INFO:Soft dependency imported: xgboost: 2.1.4
2026-09-17 17:47:37,435:WARNING:
'catboost' is a soft dependency and not included in the pycaret installation. Please run: `pip install catboost` to install.
Alternately, you can install this by running `pip install pycaret[models]`
2026-09-17 17:47:37,472:INFO:Soft dependency imported: xgboost: 2.1.4
2026-09-17 17:47:37,473:WARNING:
'catboost' is a soft dependency and not included in the pycaret installation. Please run: `pip install catboost` to install.
Alternately, you can install this by running `pip install pycaret[models]`
2026-09-17 17:47:37,474:INFO:Preparing preprocessing pipeline...
2026-09-17 17:47:37,476:INFO:Set up simple imputation.
2026-09-17 17:47:37,477:INFO:Set up column name cleaning.
2026-09-17 17:47:37,495:INFO:Finished creating preprocessing pipeline.
2026-09-17 17:47:37,500:INFO:Pipeline: Pipeline(memory=FastMemory(location=C:\Users\ERNAND~1\AppData\Local\Temp\joblib),
         steps=[('numerical_imputer',
                 TransformerWrapper(exclude=None,
                                    include=['mean radius', 'mean texture',
                                             'mean perimeter', 'mean area',
                                             'mean smoothness',
                                             'mean compactness',
                                             'mean concavity',
                                             'mean concave points',
                                             'mean symmetry',
                                             'mean fractal dimension',
                                             'radius error', 'texture error',
                                             'perimet...
                ('categorical_imputer',
                 TransformerWrapper(exclude=None, include=[],
                                    transformer=SimpleImputer(add_indicator=False,
                                                              copy=True,
                                                              fill_value=None,
                                                              keep_empty_features=False,
                                                              missing_values=nan,
                                                              strategy='most_frequent'))),
                ('clean_column_names',
                 TransformerWrapper(exclude=None, include=None,
                                    transformer=CleanColumnNames(match='[\\]\\[\\,\\{\\}\\"\\:]+')))],
         verbose=False)
2026-09-17 17:47:37,500:INFO:Creating final display dataframe.
2026-09-17 17:47:37,552:INFO:Setup _display_container:                     Description             Value
0                    Session id              7184
1                        Target            Target
2                   Target type            Binary
3           Original data shape         (569, 31)
4        Transformed data shape         (569, 31)
5   Transformed train set shape         (398, 31)
6    Transformed test set shape         (171, 31)
7              Numeric features                30
8                    Preprocess              True
9               Imputation type            simple
10           Numeric imputation              mean
11       Categorical imputation              mode
12               Fold Generator   StratifiedKFold
13                  Fold Number                10
14                     CPU Jobs                -1
15                      Use GPU             False
16               Log Experiment             False
17              Experiment Name  clf-default-name
18                          USI              5e34
2026-09-17 17:47:37,594:INFO:Soft dependency imported: xgboost: 2.1.4
2026-09-17 17:47:37,595:WARNING:
'catboost' is a soft dependency and not included in the pycaret installation. Please run: `pip install catboost` to install.
Alternately, you can install this by running `pip install pycaret[models]`
2026-09-17 17:47:37,632:INFO:Soft dependency imported: xgboost: 2.1.4
2026-09-17 17:47:37,633:WARNING:
'catboost' is a soft dependency and not included in the pycaret installation. Please run: `pip install catboost` to install.
Alternately, you can install this by running `pip install pycaret[models]`
2026-09-17 17:47:37,634:INFO:setup() successfully completed in 0.5s...............
2026-09-17 17:47:37,634:INFO:Initializing compare_models()
2026-09-17 17:47:37,634:INFO:compare_models(self=<pycaret.classification.oop.ClassificationExperiment object at 0x00000114AAED6910>, include=None, exclude=None, fold=None, round=4, cross_validation=True, sort=Accuracy, n_select=1, budget_time=None, turbo=True, errors=ignore, fit_kwargs=None, groups=None, experiment_custom_tags=None, probability_threshold=None, verbose=True, parallel=None, caller_params={'self': <pycaret.classification.oop.ClassificationExperiment object at 0x00000114AAED6910>, 'include': None, 'exclude': None, 'fold': None, 'round': 4, 'cross_validation': True, 'sort': 'Accuracy', 'n_select': 1, 'budget_time': None, 'turbo': True, 'errors': 'ignore', 'fit_kwargs': None, 'groups': None, 'experiment_custom_tags': None, 'probability_threshold': None, 'engine': None, 'verbose': True, 'parallel': None, '__class__': <class 'pycaret.classification.oop.ClassificationExperiment'>})
2026-09-17 17:47:37,634:INFO:Checking exceptions
2026-09-17 17:47:37,640:INFO:Preparing display monitor
2026-09-17 17:47:37,644:INFO:Initializing Logistic Regression
2026-09-17 17:47:37,644:INFO:Total runtime is 0.0 minutes
2026-09-17 17:47:37,644:INFO:SubProcess create_model() called ==================================
2026-09-17 17:47:37,644:INFO:Initializing create_model()
2026-09-17 17:47:37,644:INFO:create_model(self=<pycaret.classification.oop.ClassificationExperiment object at 0x00000114AAED6910>, estimator=lr, fold=StratifiedKFold(n_splits=10, random_state=None, shuffle=False), round=4, cross_validation=True, predict=True, fit_kwargs={}, groups=None, refit=False, probability_threshold=None, experiment_custom_tags=None, verbose=False, system=False, add_to_model_list=True, metrics=None, display=<pycaret.internal.display.display.CommonDisplay object at 0x00000114D1E36E90>, model_only=True, return_train_score=False, error_score=0.0, kwargs={})
2026-09-17 17:47:37,644:INFO:Checking exceptions
2026-09-17 17:47:37,644:INFO:Importing libraries
2026-09-17 17:47:37,644:INFO:Copying training dataset
2026-09-17 17:47:37,647:INFO:Defining folds
2026-09-17 17:47:37,647:INFO:Declaring metric variables
2026-09-17 17:47:37,647:INFO:Importing untrained model
2026-09-17 17:47:37,647:INFO:Logistic Regression Imported successfully
2026-09-17 17:47:37,647:INFO:Starting cross validation
2026-09-17 17:47:37,648:INFO:Cross validating with StratifiedKFold(n_splits=10, random_state=None, shuffle=False), n_jobs=-1
2026-09-17 17:47:40,661:WARNING:C:\Users\ernandadwi\OneDrive\Documents\Semester 5\AI\Percobaan 3\.venv\Lib\site-packages\_distutils_hack\__init__.py:30: UserWarning: Setuptools is replacing distutils. Support for replacing an already imported distutils is deprecated. In the future, this condition will fail. Register concerns at https://github.com/pypa/setuptools/issues/new?template=distutils-deprecation.yml
  warnings.warn(

2026-09-17 17:47:40,663:WARNING:C:\Users\ernandadwi\OneDrive\Documents\Semester 5\AI\Percobaan 3\.venv\Lib\site-packages\_distutils_hack\__init__.py:30: UserWarning: Setuptools is replacing distutils. Support for replacing an already imported distutils is deprecated. In the future, this condition will fail. Register concerns at https://github.com/pypa/setuptools/issues/new?template=distutils-deprecation.yml
  warnings.warn(

2026-09-17 17:47:40,663:WARNING:C:\Users\ernandadwi\OneDrive\Documents\Semester 5\AI\Percobaan 3\.venv\Lib\site-packages\_distutils_hack\__init__.py:30: UserWarning: Setuptools is replacing distutils. Support for replacing an already imported distutils is deprecated. In the future, this condition will fail. Register concerns at https://github.com/pypa/setuptools/issues/new?template=distutils-deprecation.yml
  warnings.warn(

2026-09-17 17:47:40,663:WARNING:C:\Users\ernandadwi\OneDrive\Documents\Semester 5\AI\Percobaan 3\.venv\Lib\site-packages\_distutils_hack\__init__.py:30: UserWarning: Setuptools is replacing distutils. Support for replacing an already imported distutils is deprecated. In the future, this condition will fail. Register concerns at https://github.com/pypa/setuptools/issues/new?template=distutils-deprecation.yml
  warnings.warn(

2026-09-17 17:47:40,663:WARNING:C:\Users\ernandadwi\OneDrive\Documents\Semester 5\AI\Percobaan 3\.venv\Lib\site-packages\_distutils_hack\__init__.py:30: UserWarning: Setuptools is replacing distutils. Support for replacing an already imported distutils is deprecated. In the future, this condition will fail. Register concerns at https://github.com/pypa/setuptools/issues/new?template=distutils-deprecation.yml
  warnings.warn(

2026-09-17 17:47:40,663:WARNING:C:\Users\ernandadwi\OneDrive\Documents\Semester 5\AI\Percobaan 3\.venv\Lib\site-packages\_distutils_hack\__init__.py:30: UserWarning: Setuptools is replacing distutils. Support for replacing an already imported distutils is deprecated. In the future, this condition will fail. Register concerns at https://github.com/pypa/setuptools/issues/new?template=distutils-deprecation.yml
  warnings.warn(

2026-09-17 17:47:40,663:WARNING:C:\Users\ernandadwi\OneDrive\Documents\Semester 5\AI\Percobaan 3\.venv\Lib\site-packages\_distutils_hack\__init__.py:30: UserWarning: Setuptools is replacing distutils. Support for replacing an already imported distutils is deprecated. In the future, this condition will fail. Register concerns at https://github.com/pypa/setuptools/issues/new?template=distutils-deprecation.yml
  warnings.warn(

2026-09-17 17:47:40,663:WARNING:C:\Users\ernandadwi\OneDrive\Documents\Semester 5\AI\Percobaan 3\.venv\Lib\site-packages\_distutils_hack\__init__.py:30: UserWarning: Setuptools is replacing distutils. Support for replacing an already imported distutils is deprecated. In the future, this condition will fail. Register concerns at https://github.com/pypa/setuptools/issues/new?template=distutils-deprecation.yml
  warnings.warn(

2026-09-17 17:47:41,214:WARNING:C:\Users\ernandadwi\OneDrive\Documents\Semester 5\AI\Percobaan 3\.venv\Lib\site-packages\sklearn\linear_model\_logistic.py:469: ConvergenceWarning: lbfgs failed to converge (status=1):
STOP: TOTAL NO. of ITERATIONS REACHED LIMIT.

Increase the number of iterations (max_iter) or scale the data as shown in:
    https://scikit-learn.org/stable/modules/preprocessing.html
Please also refer to the documentation for alternative solver options:
    https://scikit-learn.org/stable/modules/linear_model.html#logistic-regression
  n_iter_i = _check_optimize_result(

2026-09-17 17:47:41,214:WARNING:C:\Users\ernandadwi\OneDrive\Documents\Semester 5\AI\Percobaan 3\.venv\Lib\site-packages\sklearn\linear_model\_logistic.py:469: ConvergenceWarning: lbfgs failed to converge (status=1):
STOP: TOTAL NO. of ITERATIONS REACHED LIMIT.

Increase the number of iterations (max_iter) or scale the data as shown in:
    https://scikit-learn.org/stable/modules/preprocessing.html
Please also refer to the documentation for alternative solver options:
    https://scikit-learn.org/stable/modules/linear_model.html#logistic-regression
  n_iter_i = _check_optimize_result(

2026-09-17 17:47:41,217:WARNING:C:\Users\ernandadwi\OneDrive\Documents\Semester 5\AI\Percobaan 3\.venv\Lib\site-packages\sklearn\linear_model\_logistic.py:469: ConvergenceWarning: lbfgs failed to converge (status=1):
STOP: TOTAL NO. of ITERATIONS REACHED LIMIT.

Increase the number of iterations (max_iter) or scale the data as shown in:
    https://scikit-learn.org/stable/modules/preprocessing.html
Please also refer to the documentation for alternative solver options:
    https://scikit-learn.org/stable/modules/linear_model.html#logistic-regression
  n_iter_i = _check_optimize_result(

2026-09-17 17:47:41,218:WARNING:C:\Users\ernandadwi\OneDrive\Documents\Semester 5\AI\Percobaan 3\.venv\Lib\site-packages\sklearn\linear_model\_logistic.py:469: ConvergenceWarning: lbfgs failed to converge (status=1):
STOP: TOTAL NO. of ITERATIONS REACHED LIMIT.

Increase the number of iterations (max_iter) or scale the data as shown in:
    https://scikit-learn.org/stable/modules/preprocessing.html
Please also refer to the documentation for alternative solver options:
    https://scikit-learn.org/stable/modules/linear_model.html#logistic-regression
  n_iter_i = _check_optimize_result(

2026-09-17 17:47:41,218:WARNING:C:\Users\ernandadwi\OneDrive\Documents\Semester 5\AI\Percobaan 3\.venv\Lib\site-packages\sklearn\linear_model\_logistic.py:469: ConvergenceWarning: lbfgs failed to converge (status=1):
STOP: TOTAL NO. of ITERATIONS REACHED LIMIT.

Increase the number of iterations (max_iter) or scale the data as shown in:
    https://scikit-learn.org/stable/modules/preprocessing.html
Please also refer to the documentation for alternative solver options:
    https://scikit-learn.org/stable/modules/linear_model.html#logistic-regression
  n_iter_i = _check_optimize_result(

2026-09-17 17:47:41,219:WARNING:C:\Users\ernandadwi\OneDrive\Documents\Semester 5\AI\Percobaan 3\.venv\Lib\site-packages\sklearn\linear_model\_logistic.py:469: ConvergenceWarning: lbfgs failed to converge (status=1):
STOP: TOTAL NO. of ITERATIONS REACHED LIMIT.

Increase the number of iterations (max_iter) or scale the data as shown in:
    https://scikit-learn.org/stable/modules/preprocessing.html
Please also refer to the documentation for alternative solver options:
    https://scikit-learn.org/stable/modules/linear_model.html#logistic-regression
  n_iter_i = _check_optimize_result(

2026-09-17 17:47:41,220:WARNING:C:\Users\ernandadwi\OneDrive\Documents\Semester 5\AI\Percobaan 3\.venv\Lib\site-packages\sklearn\linear_model\_logistic.py:469: ConvergenceWarning: lbfgs failed to converge (status=1):
STOP: TOTAL NO. of ITERATIONS REACHED LIMIT.

Increase the number of iterations (max_iter) or scale the data as shown in:
    https://scikit-learn.org/stable/modules/preprocessing.html
Please also refer to the documentation for alternative solver options:
    https://scikit-learn.org/stable/modules/linear_model.html#logistic-regression
  n_iter_i = _check_optimize_result(

2026-09-17 17:47:41,224:WARNING:C:\Users\ernandadwi\OneDrive\Documents\Semester 5\AI\Percobaan 3\.venv\Lib\site-packages\sklearn\linear_model\_logistic.py:469: ConvergenceWarning: lbfgs failed to converge (status=1):
STOP: TOTAL NO. of ITERATIONS REACHED LIMIT.

Increase the number of iterations (max_iter) or scale the data as shown in:
    https://scikit-learn.org/stable/modules/preprocessing.html
Please also refer to the documentation for alternative solver options:
    https://scikit-learn.org/stable/modules/linear_model.html#logistic-regression
  n_iter_i = _check_optimize_result(

2026-09-17 17:47:41,225:WARNING:C:\Users\ernandadwi\OneDrive\Documents\Semester 5\AI\Percobaan 3\.venv\Lib\site-packages\sklearn\linear_model\_logistic.py:469: ConvergenceWarning: lbfgs failed to converge (status=1):
STOP: TOTAL NO. of ITERATIONS REACHED LIMIT.

Increase the number of iterations (max_iter) or scale the data as shown in:
    https://scikit-learn.org/stable/modules/preprocessing.html
Please also refer to the documentation for alternative solver options:
    https://scikit-learn.org/stable/modules/linear_model.html#logistic-regression
  n_iter_i = _check_optimize_result(

2026-09-17 17:47:41,227:WARNING:C:\Users\ernandadwi\OneDrive\Documents\Semester 5\AI\Percobaan 3\.venv\Lib\site-packages\sklearn\linear_model\_logistic.py:469: ConvergenceWarning: lbfgs failed to converge (status=1):
STOP: TOTAL NO. of ITERATIONS REACHED LIMIT.

Increase the number of iterations (max_iter) or scale the data as shown in:
    https://scikit-learn.org/stable/modules/preprocessing.html
Please also refer to the documentation for alternative solver options:
    https://scikit-learn.org/stable/modules/linear_model.html#logistic-regression
  n_iter_i = _check_optimize_result(

2026-09-17 17:47:41,254:INFO:Calculating mean and std
2026-09-17 17:47:41,257:INFO:Creating metrics dataframe
2026-09-17 17:47:41,261:INFO:Uploading results into container
2026-09-17 17:47:41,262:INFO:Uploading model into container now
2026-09-17 17:47:41,262:INFO:_master_model_container: 1
2026-09-17 17:47:41,262:INFO:_display_container: 2
2026-09-17 17:47:41,263:INFO:LogisticRegression(C=1.0, class_weight=None, dual=False, fit_intercept=True,
                   intercept_scaling=1, l1_ratio=None, max_iter=1000,
                   multi_class='auto', n_jobs=None, penalty='l2',
                   random_state=7184, solver='lbfgs', tol=0.0001, verbose=0,
                   warm_start=False)
2026-09-17 17:47:41,263:INFO:create_model() successfully completed......................................
2026-09-17 17:47:41,427:INFO:SubProcess create_model() end ==================================
2026-09-17 17:47:41,427:INFO:Creating metrics dataframe
2026-09-17 17:47:41,429:INFO:Initializing K Neighbors Classifier
2026-09-17 17:47:41,429:INFO:Total runtime is 0.06307893991470337 minutes
2026-09-17 17:47:41,430:INFO:SubProcess create_model() called ==================================
2026-09-17 17:47:41,430:INFO:Initializing create_model()
2026-09-17 17:47:41,430:INFO:create_model(self=<pycaret.classification.oop.ClassificationExperiment object at 0x00000114AAED6910>, estimator=knn, fold=StratifiedKFold(n_splits=10, random_state=None, shuffle=False), round=4, cross_validation=True, predict=True, fit_kwargs={}, groups=None, refit=False, probability_threshold=None, experiment_custom_tags=None, verbose=False, system=False, add_to_model_list=True, metrics=None, display=<pycaret.internal.display.display.CommonDisplay object at 0x00000114D1E36E90>, model_only=True, return_train_score=False, error_score=0.0, kwargs={})
2026-09-17 17:47:41,430:INFO:Checking exceptions
2026-09-17 17:47:41,430:INFO:Importing libraries
2026-09-17 17:47:41,430:INFO:Copying training dataset
2026-09-17 17:47:41,434:INFO:Defining folds
2026-09-17 17:47:41,434:INFO:Declaring metric variables
2026-09-17 17:47:41,434:INFO:Importing untrained model
2026-09-17 17:47:41,434:INFO:K Neighbors Classifier Imported successfully
2026-09-17 17:47:41,434:INFO:Starting cross validation
2026-09-17 17:47:41,435:INFO:Cross validating with StratifiedKFold(n_splits=10, random_state=None, shuffle=False), n_jobs=-1
2026-09-17 17:47:43,460:WARNING:C:\Users\ernandadwi\OneDrive\Documents\Semester 5\AI\Percobaan 3\.venv\Lib\site-packages\_distutils_hack\__init__.py:30: UserWarning: Setuptools is replacing distutils. Support for replacing an already imported distutils is deprecated. In the future, this condition will fail. Register concerns at https://github.com/pypa/setuptools/issues/new?template=distutils-deprecation.yml
  warnings.warn(

2026-09-17 17:47:43,461:WARNING:C:\Users\ernandadwi\OneDrive\Documents\Semester 5\AI\Percobaan 3\.venv\Lib\site-packages\_distutils_hack\__init__.py:30: UserWarning: Setuptools is replacing distutils. Support for replacing an already imported distutils is deprecated. In the future, this condition will fail. Register concerns at https://github.com/pypa/setuptools/issues/new?template=distutils-deprecation.yml
  warnings.warn(

2026-09-17 17:47:43,461:WARNING:C:\Users\ernandadwi\OneDrive\Documents\Semester 5\AI\Percobaan 3\.venv\Lib\site-packages\_distutils_hack\__init__.py:30: UserWarning: Setuptools is replacing distutils. Support for replacing an already imported distutils is deprecated. In the future, this condition will fail. Register concerns at https://github.com/pypa/setuptools/issues/new?template=distutils-deprecation.yml
  warnings.warn(

2026-09-17 17:47:43,461:WARNING:C:\Users\ernandadwi\OneDrive\Documents\Semester 5\AI\Percobaan 3\.venv\Lib\site-packages\_distutils_hack\__init__.py:30: UserWarning: Setuptools is replacing distutils. Support for replacing an already imported distutils is deprecated. In the future, this condition will fail. Register concerns at https://github.com/pypa/setuptools/issues/new?template=distutils-deprecation.yml
  warnings.warn(

2026-09-17 17:47:43,461:WARNING:C:\Users\ernandadwi\OneDrive\Documents\Semester 5\AI\Percobaan 3\.venv\Lib\site-packages\_distutils_hack\__init__.py:30: UserWarning: Setuptools is replacing distutils. Support for replacing an already imported distutils is deprecated. In the future, this condition will fail. Register concerns at https://github.com/pypa/setuptools/issues/new?template=distutils-deprecation.yml
  warnings.warn(

2026-09-17 17:47:43,825:INFO:Calculating mean and std
2026-09-17 17:47:43,826:INFO:Creating metrics dataframe
2026-09-17 17:47:43,828:INFO:Uploading results into container
2026-09-17 17:47:43,829:INFO:Uploading model into container now
2026-09-17 17:47:43,829:INFO:_master_model_container: 2
2026-09-17 17:47:43,829:INFO:_display_container: 2
2026-09-17 17:47:43,829:INFO:KNeighborsClassifier(algorithm='auto', leaf_size=30, metric='minkowski',
                     metric_params=None, n_jobs=-1, n_neighbors=5, p=2,
                     weights='uniform')
2026-09-17 17:47:43,829:INFO:create_model() successfully completed......................................
2026-09-17 17:47:43,928:INFO:SubProcess create_model() end ==================================
2026-09-17 17:47:43,928:INFO:Creating metrics dataframe
2026-09-17 17:47:43,930:INFO:Initializing Naive Bayes
2026-09-17 17:47:43,930:INFO:Total runtime is 0.10476882060368856 minutes
2026-09-17 17:47:43,930:INFO:SubProcess create_model() called ==================================
2026-09-17 17:47:43,931:INFO:Initializing create_model()
2026-09-17 17:47:43,931:INFO:create_model(self=<pycaret.classification.oop.ClassificationExperiment object at 0x00000114AAED6910>, estimator=nb, fold=StratifiedKFold(n_splits=10, random_state=None, shuffle=False), round=4, cross_validation=True, predict=True, fit_kwargs={}, groups=None, refit=False, probability_threshold=None, experiment_custom_tags=None, verbose=False, system=False, add_to_model_list=True, metrics=None, display=<pycaret.internal.display.display.CommonDisplay object at 0x00000114D1E36E90>, model_only=True, return_train_score=False, error_score=0.0, kwargs={})
2026-09-17 17:47:43,931:INFO:Checking exceptions
2026-09-17 17:47:43,931:INFO:Importing libraries
2026-09-17 17:47:43,931:INFO:Copying training dataset
2026-09-17 17:47:43,934:INFO:Defining folds
2026-09-17 17:47:43,934:INFO:Declaring metric variables
2026-09-17 17:47:43,934:INFO:Importing untrained model
2026-09-17 17:47:43,934:INFO:Naive Bayes Imported successfully
2026-09-17 17:47:43,934:INFO:Starting cross validation
2026-09-17 17:47:43,934:INFO:Cross validating with StratifiedKFold(n_splits=10, random_state=None, shuffle=False), n_jobs=-1
2026-09-17 17:47:43,982:INFO:Calculating mean and std
2026-09-17 17:47:43,982:INFO:Creating metrics dataframe
2026-09-17 17:47:43,982:INFO:Uploading results into container
2026-09-17 17:47:43,983:INFO:Uploading model into container now
2026-09-17 17:47:43,983:INFO:_master_model_container: 3
2026-09-17 17:47:43,983:INFO:_display_container: 2
2026-09-17 17:47:43,983:INFO:GaussianNB(priors=None, var_smoothing=1e-09)
2026-09-17 17:47:43,983:INFO:create_model() successfully completed......................................
2026-09-17 17:47:44,034:INFO:SubProcess create_model() end ==================================
2026-09-17 17:47:44,034:INFO:Creating metrics dataframe
2026-09-17 17:47:44,036:INFO:Initializing Decision Tree Classifier
2026-09-17 17:47:44,036:INFO:Total runtime is 0.10653378963470458 minutes
2026-09-17 17:47:44,036:INFO:SubProcess create_model() called ==================================
2026-09-17 17:47:44,036:INFO:Initializing create_model()
2026-09-17 17:47:44,036:INFO:create_model(self=<pycaret.classification.oop.ClassificationExperiment object at 0x00000114AAED6910>, estimator=dt, fold=StratifiedKFold(n_splits=10, random_state=None, shuffle=False), round=4, cross_validation=True, predict=True, fit_kwargs={}, groups=None, refit=False, probability_threshold=None, experiment_custom_tags=None, verbose=False, system=False, add_to_model_list=True, metrics=None, display=<pycaret.internal.display.display.CommonDisplay object at 0x00000114D1E36E90>, model_only=True, return_train_score=False, error_score=0.0, kwargs={})
2026-09-17 17:47:44,036:INFO:Checking exceptions
2026-09-17 17:47:44,036:INFO:Importing libraries
2026-09-17 17:47:44,036:INFO:Copying training dataset
2026-09-17 17:47:44,039:INFO:Defining folds
2026-09-17 17:47:44,039:INFO:Declaring metric variables
2026-09-17 17:47:44,039:INFO:Importing untrained model
2026-09-17 17:47:44,039:INFO:Decision Tree Classifier Imported successfully
2026-09-17 17:47:44,039:INFO:Starting cross validation
2026-09-17 17:47:44,040:INFO:Cross validating with StratifiedKFold(n_splits=10, random_state=None, shuffle=False), n_jobs=-1
2026-09-17 17:47:44,088:INFO:Calculating mean and std
2026-09-17 17:47:44,089:INFO:Creating metrics dataframe
2026-09-17 17:47:44,090:INFO:Uploading results into container
2026-09-17 17:47:44,090:INFO:Uploading model into container now
2026-09-17 17:47:44,090:INFO:_master_model_container: 4
2026-09-17 17:47:44,090:INFO:_display_container: 2
2026-09-17 17:47:44,090:INFO:DecisionTreeClassifier(ccp_alpha=0.0, class_weight=None, criterion='gini',
                       max_depth=None, max_features=None, max_leaf_nodes=None,
                       min_impurity_decrease=0.0, min_samples_leaf=1,
                       min_samples_split=2, min_weight_fraction_leaf=0.0,
                       monotonic_cst=None, random_state=7184, splitter='best')
2026-09-17 17:47:44,090:INFO:create_model() successfully completed......................................
2026-09-17 17:47:44,137:INFO:SubProcess create_model() end ==================================
2026-09-17 17:47:44,137:INFO:Creating metrics dataframe
2026-09-17 17:47:44,139:INFO:Initializing SVM - Linear Kernel
2026-09-17 17:47:44,139:INFO:Total runtime is 0.10823985735575357 minutes
2026-09-17 17:47:44,139:INFO:SubProcess create_model() called ==================================
2026-09-17 17:47:44,139:INFO:Initializing create_model()
2026-09-17 17:47:44,139:INFO:create_model(self=<pycaret.classification.oop.ClassificationExperiment object at 0x00000114AAED6910>, estimator=svm, fold=StratifiedKFold(n_splits=10, random_state=None, shuffle=False), round=4, cross_validation=True, predict=True, fit_kwargs={}, groups=None, refit=False, probability_threshold=None, experiment_custom_tags=None, verbose=False, system=False, add_to_model_list=True, metrics=None, display=<pycaret.internal.display.display.CommonDisplay object at 0x00000114D1E36E90>, model_only=True, return_train_score=False, error_score=0.0, kwargs={})
2026-09-17 17:47:44,139:INFO:Checking exceptions
2026-09-17 17:47:44,139:INFO:Importing libraries
2026-09-17 17:47:44,139:INFO:Copying training dataset
2026-09-17 17:47:44,142:INFO:Defining folds
2026-09-17 17:47:44,142:INFO:Declaring metric variables
2026-09-17 17:47:44,142:INFO:Importing untrained model
2026-09-17 17:47:44,142:INFO:SVM - Linear Kernel Imported successfully
2026-09-17 17:47:44,142:INFO:Starting cross validation
2026-09-17 17:47:44,143:INFO:Cross validating with StratifiedKFold(n_splits=10, random_state=None, shuffle=False), n_jobs=-1
2026-09-17 17:47:44,191:INFO:Calculating mean and std
2026-09-17 17:47:44,191:INFO:Creating metrics dataframe
2026-09-17 17:47:44,191:INFO:Uploading results into container
2026-09-17 17:47:44,191:INFO:Uploading model into container now
2026-09-17 17:47:44,193:INFO:_master_model_container: 5
2026-09-17 17:47:44,193:INFO:_display_container: 2
2026-09-17 17:47:44,193:INFO:SGDClassifier(alpha=0.0001, average=False, class_weight=None,
              early_stopping=False, epsilon=0.1, eta0=0.001, fit_intercept=True,
              l1_ratio=0.15, learning_rate='optimal', loss='hinge',
              max_iter=1000, n_iter_no_change=5, n_jobs=-1, penalty='l2',
              power_t=0.5, random_state=7184, shuffle=True, tol=0.001,
              validation_fraction=0.1, verbose=0, warm_start=False)
2026-09-17 17:47:44,193:INFO:create_model() successfully completed......................................
2026-09-17 17:47:44,239:INFO:SubProcess create_model() end ==================================
2026-09-17 17:47:44,240:INFO:Creating metrics dataframe
2026-09-17 17:47:44,242:INFO:Initializing Ridge Classifier
2026-09-17 17:47:44,242:INFO:Total runtime is 0.10995938380559285 minutes
2026-09-17 17:47:44,242:INFO:SubProcess create_model() called ==================================
2026-09-17 17:47:44,242:INFO:Initializing create_model()
2026-09-17 17:47:44,242:INFO:create_model(self=<pycaret.classification.oop.ClassificationExperiment object at 0x00000114AAED6910>, estimator=ridge, fold=StratifiedKFold(n_splits=10, random_state=None, shuffle=False), round=4, cross_validation=True, predict=True, fit_kwargs={}, groups=None, refit=False, probability_threshold=None, experiment_custom_tags=None, verbose=False, system=False, add_to_model_list=True, metrics=None, display=<pycaret.internal.display.display.CommonDisplay object at 0x00000114D1E36E90>, model_only=True, return_train_score=False, error_score=0.0, kwargs={})
2026-09-17 17:47:44,242:INFO:Checking exceptions
2026-09-17 17:47:44,242:INFO:Importing libraries
2026-09-17 17:47:44,242:INFO:Copying training dataset
2026-09-17 17:47:44,244:INFO:Defining folds
2026-09-17 17:47:44,244:INFO:Declaring metric variables
2026-09-17 17:47:44,244:INFO:Importing untrained model
2026-09-17 17:47:44,245:INFO:Ridge Classifier Imported successfully
2026-09-17 17:47:44,245:INFO:Starting cross validation
2026-09-17 17:47:44,245:INFO:Cross validating with StratifiedKFold(n_splits=10, random_state=None, shuffle=False), n_jobs=-1
2026-09-17 17:47:44,270:WARNING:C:\Users\ernandadwi\OneDrive\Documents\Semester 5\AI\Percobaan 3\.venv\Lib\site-packages\sklearn\linear_model\_ridge.py:204: LinAlgWarning: Ill-conditioned matrix (rcond=3.80084e-09): result may not be accurate.
  return linalg.solve(A, Xy, assume_a="pos", overwrite_a=True).T

2026-09-17 17:47:44,270:WARNING:C:\Users\ernandadwi\OneDrive\Documents\Semester 5\AI\Percobaan 3\.venv\Lib\site-packages\sklearn\linear_model\_ridge.py:204: LinAlgWarning: Ill-conditioned matrix (rcond=4.94512e-09): result may not be accurate.
  return linalg.solve(A, Xy, assume_a="pos", overwrite_a=True).T

2026-09-17 17:47:44,270:WARNING:C:\Users\ernandadwi\OneDrive\Documents\Semester 5\AI\Percobaan 3\.venv\Lib\site-packages\sklearn\linear_model\_ridge.py:204: LinAlgWarning: Ill-conditioned matrix (rcond=3.62789e-09): result may not be accurate.
  return linalg.solve(A, Xy, assume_a="pos", overwrite_a=True).T

2026-09-17 17:47:44,270:WARNING:C:\Users\ernandadwi\OneDrive\Documents\Semester 5\AI\Percobaan 3\.venv\Lib\site-packages\sklearn\linear_model\_ridge.py:204: LinAlgWarning: Ill-conditioned matrix (rcond=3.55161e-09): result may not be accurate.
  return linalg.solve(A, Xy, assume_a="pos", overwrite_a=True).T

2026-09-17 17:47:44,270:WARNING:C:\Users\ernandadwi\OneDrive\Documents\Semester 5\AI\Percobaan 3\.venv\Lib\site-packages\sklearn\linear_model\_ridge.py:204: LinAlgWarning: Ill-conditioned matrix (rcond=4.69379e-09): result may not be accurate.
  return linalg.solve(A, Xy, assume_a="pos", overwrite_a=True).T

2026-09-17 17:47:44,270:WARNING:C:\Users\ernandadwi\OneDrive\Documents\Semester 5\AI\Percobaan 3\.venv\Lib\site-packages\sklearn\linear_model\_ridge.py:204: LinAlgWarning: Ill-conditioned matrix (rcond=3.57979e-09): result may not be accurate.
  return linalg.solve(A, Xy, assume_a="pos", overwrite_a=True).T

2026-09-17 17:47:44,271:WARNING:C:\Users\ernandadwi\OneDrive\Documents\Semester 5\AI\Percobaan 3\.venv\Lib\site-packages\sklearn\linear_model\_ridge.py:204: LinAlgWarning: Ill-conditioned matrix (rcond=4.42177e-09): result may not be accurate.
  return linalg.solve(A, Xy, assume_a="pos", overwrite_a=True).T

2026-09-17 17:47:44,273:WARNING:C:\Users\ernandadwi\OneDrive\Documents\Semester 5\AI\Percobaan 3\.venv\Lib\site-packages\sklearn\linear_model\_ridge.py:204: LinAlgWarning: Ill-conditioned matrix (rcond=4.42003e-09): result may not be accurate.
  return linalg.solve(A, Xy, assume_a="pos", overwrite_a=True).T

2026-09-17 17:47:44,274:WARNING:C:\Users\ernandadwi\OneDrive\Documents\Semester 5\AI\Percobaan 3\.venv\Lib\site-packages\sklearn\linear_model\_ridge.py:204: LinAlgWarning: Ill-conditioned matrix (rcond=4.42388e-09): result may not be accurate.
  return linalg.solve(A, Xy, assume_a="pos", overwrite_a=True).T

2026-09-17 17:47:44,292:INFO:Calculating mean and std
2026-09-17 17:47:44,293:INFO:Creating metrics dataframe
2026-09-17 17:47:44,293:INFO:Uploading results into container
2026-09-17 17:47:44,293:INFO:Uploading model into container now
2026-09-17 17:47:44,294:INFO:_master_model_container: 6
2026-09-17 17:47:44,294:INFO:_display_container: 2
2026-09-17 17:47:44,294:INFO:RidgeClassifier(alpha=1.0, class_weight=None, copy_X=True, fit_intercept=True,
                max_iter=None, positive=False, random_state=7184, solver='auto',
                tol=0.0001)
2026-09-17 17:47:44,294:INFO:create_model() successfully completed......................................
2026-09-17 17:47:44,341:INFO:SubProcess create_model() end ==================================
2026-09-17 17:47:44,341:INFO:Creating metrics dataframe
2026-09-17 17:47:44,343:INFO:Initializing Random Forest Classifier
2026-09-17 17:47:44,344:INFO:Total runtime is 0.11165989637374878 minutes
2026-09-17 17:47:44,344:INFO:SubProcess create_model() called ==================================
2026-09-17 17:47:44,345:INFO:Initializing create_model()
2026-09-17 17:47:44,345:INFO:create_model(self=<pycaret.classification.oop.ClassificationExperiment object at 0x00000114AAED6910>, estimator=rf, fold=StratifiedKFold(n_splits=10, random_state=None, shuffle=False), round=4, cross_validation=True, predict=True, fit_kwargs={}, groups=None, refit=False, probability_threshold=None, experiment_custom_tags=None, verbose=False, system=False, add_to_model_list=True, metrics=None, display=<pycaret.internal.display.display.CommonDisplay object at 0x00000114D1E36E90>, model_only=True, return_train_score=False, error_score=0.0, kwargs={})
2026-09-17 17:47:44,345:INFO:Checking exceptions
2026-09-17 17:47:44,345:INFO:Importing libraries
2026-09-17 17:47:44,345:INFO:Copying training dataset
2026-09-17 17:47:44,347:INFO:Defining folds
2026-09-17 17:47:44,348:INFO:Declaring metric variables
2026-09-17 17:47:44,348:INFO:Importing untrained model
2026-09-17 17:47:44,348:INFO:Random Forest Classifier Imported successfully
2026-09-17 17:47:44,348:INFO:Starting cross validation
2026-09-17 17:47:44,349:INFO:Cross validating with StratifiedKFold(n_splits=10, random_state=None, shuffle=False), n_jobs=-1
2026-09-17 17:47:44,577:INFO:Calculating mean and std
2026-09-17 17:47:44,577:INFO:Creating metrics dataframe
2026-09-17 17:47:44,578:INFO:Uploading results into container
2026-09-17 17:47:44,578:INFO:Uploading model into container now
2026-09-17 17:47:44,578:INFO:_master_model_container: 7
2026-09-17 17:47:44,578:INFO:_display_container: 2
2026-09-17 17:47:44,578:INFO:RandomForestClassifier(bootstrap=True, ccp_alpha=0.0, class_weight=None,
                       criterion='gini', max_depth=None, max_features='sqrt',
                       max_leaf_nodes=None, max_samples=None,
                       min_impurity_decrease=0.0, min_samples_leaf=1,
                       min_samples_split=2, min_weight_fraction_leaf=0.0,
                       monotonic_cst=None, n_estimators=100, n_jobs=-1,
                       oob_score=False, random_state=7184, verbose=0,
                       warm_start=False)
2026-09-17 17:47:44,578:INFO:create_model() successfully completed......................................
2026-09-17 17:47:44,627:INFO:SubProcess create_model() end ==================================
2026-09-17 17:47:44,627:INFO:Creating metrics dataframe
2026-09-17 17:47:44,628:INFO:Initializing Quadratic Discriminant Analysis
2026-09-17 17:47:44,628:INFO:Total runtime is 0.11638695398966471 minutes
2026-09-17 17:47:44,628:INFO:SubProcess create_model() called ==================================
2026-09-17 17:47:44,628:INFO:Initializing create_model()
2026-09-17 17:47:44,628:INFO:create_model(self=<pycaret.classification.oop.ClassificationExperiment object at 0x00000114AAED6910>, estimator=qda, fold=StratifiedKFold(n_splits=10, random_state=None, shuffle=False), round=4, cross_validation=True, predict=True, fit_kwargs={}, groups=None, refit=False, probability_threshold=None, experiment_custom_tags=None, verbose=False, system=False, add_to_model_list=True, metrics=None, display=<pycaret.internal.display.display.CommonDisplay object at 0x00000114D1E36E90>, model_only=True, return_train_score=False, error_score=0.0, kwargs={})
2026-09-17 17:47:44,629:INFO:Checking exceptions
2026-09-17 17:47:44,629:INFO:Importing libraries
2026-09-17 17:47:44,629:INFO:Copying training dataset
2026-09-17 17:47:44,631:INFO:Defining folds
2026-09-17 17:47:44,632:INFO:Declaring metric variables
2026-09-17 17:47:44,632:INFO:Importing untrained model
2026-09-17 17:47:44,632:INFO:Quadratic Discriminant Analysis Imported successfully
2026-09-17 17:47:44,632:INFO:Starting cross validation
2026-09-17 17:47:44,632:INFO:Cross validating with StratifiedKFold(n_splits=10, random_state=None, shuffle=False), n_jobs=-1
2026-09-17 17:47:44,679:INFO:Calculating mean and std
2026-09-17 17:47:44,679:INFO:Creating metrics dataframe
2026-09-17 17:47:44,680:INFO:Uploading results into container
2026-09-17 17:47:44,680:INFO:Uploading model into container now
2026-09-17 17:47:44,681:INFO:_master_model_container: 8
2026-09-17 17:47:44,681:INFO:_display_container: 2
2026-09-17 17:47:44,681:INFO:QuadraticDiscriminantAnalysis(priors=None, reg_param=0.0,
                              store_covariance=False, tol=0.0001)
2026-09-17 17:47:44,681:INFO:create_model() successfully completed......................................
2026-09-17 17:47:44,727:INFO:SubProcess create_model() end ==================================
2026-09-17 17:47:44,727:INFO:Creating metrics dataframe
2026-09-17 17:47:44,729:INFO:Initializing Ada Boost Classifier
2026-09-17 17:47:44,729:INFO:Total runtime is 0.11808174053827922 minutes
2026-09-17 17:47:44,729:INFO:SubProcess create_model() called ==================================
2026-09-17 17:47:44,729:INFO:Initializing create_model()
2026-09-17 17:47:44,729:INFO:create_model(self=<pycaret.classification.oop.ClassificationExperiment object at 0x00000114AAED6910>, estimator=ada, fold=StratifiedKFold(n_splits=10, random_state=None, shuffle=False), round=4, cross_validation=True, predict=True, fit_kwargs={}, groups=None, refit=False, probability_threshold=None, experiment_custom_tags=None, verbose=False, system=False, add_to_model_list=True, metrics=None, display=<pycaret.internal.display.display.CommonDisplay object at 0x00000114D1E36E90>, model_only=True, return_train_score=False, error_score=0.0, kwargs={})
2026-09-17 17:47:44,729:INFO:Checking exceptions
2026-09-17 17:47:44,729:INFO:Importing libraries
2026-09-17 17:47:44,729:INFO:Copying training dataset
2026-09-17 17:47:44,732:INFO:Defining folds
2026-09-17 17:47:44,732:INFO:Declaring metric variables
2026-09-17 17:47:44,732:INFO:Importing untrained model
2026-09-17 17:47:44,732:INFO:Ada Boost Classifier Imported successfully
2026-09-17 17:47:44,733:INFO:Starting cross validation
2026-09-17 17:47:44,733:INFO:Cross validating with StratifiedKFold(n_splits=10, random_state=None, shuffle=False), n_jobs=-1
2026-09-17 17:47:44,747:WARNING:C:\Users\ernandadwi\OneDrive\Documents\Semester 5\AI\Percobaan 3\.venv\Lib\site-packages\sklearn\ensemble\_weight_boosting.py:519: FutureWarning: The SAMME.R algorithm (the default) is deprecated and will be removed in 1.6. Use the SAMME algorithm to circumvent this warning.
  warnings.warn(

2026-09-17 17:47:44,750:WARNING:C:\Users\ernandadwi\OneDrive\Documents\Semester 5\AI\Percobaan 3\.venv\Lib\site-packages\sklearn\ensemble\_weight_boosting.py:519: FutureWarning: The SAMME.R algorithm (the default) is deprecated and will be removed in 1.6. Use the SAMME algorithm to circumvent this warning.
  warnings.warn(

2026-09-17 17:47:44,751:WARNING:C:\Users\ernandadwi\OneDrive\Documents\Semester 5\AI\Percobaan 3\.venv\Lib\site-packages\sklearn\ensemble\_weight_boosting.py:519: FutureWarning: The SAMME.R algorithm (the default) is deprecated and will be removed in 1.6. Use the SAMME algorithm to circumvent this warning.
  warnings.warn(

2026-09-17 17:47:44,751:WARNING:C:\Users\ernandadwi\OneDrive\Documents\Semester 5\AI\Percobaan 3\.venv\Lib\site-packages\sklearn\ensemble\_weight_boosting.py:519: FutureWarning: The SAMME.R algorithm (the default) is deprecated and will be removed in 1.6. Use the SAMME algorithm to circumvent this warning.
  warnings.warn(

2026-09-17 17:47:44,751:WARNING:C:\Users\ernandadwi\OneDrive\Documents\Semester 5\AI\Percobaan 3\.venv\Lib\site-packages\sklearn\ensemble\_weight_boosting.py:519: FutureWarning: The SAMME.R algorithm (the default) is deprecated and will be removed in 1.6. Use the SAMME algorithm to circumvent this warning.
  warnings.warn(

2026-09-17 17:47:44,756:WARNING:C:\Users\ernandadwi\OneDrive\Documents\Semester 5\AI\Percobaan 3\.venv\Lib\site-packages\sklearn\ensemble\_weight_boosting.py:519: FutureWarning: The SAMME.R algorithm (the default) is deprecated and will be removed in 1.6. Use the SAMME algorithm to circumvent this warning.
  warnings.warn(

2026-09-17 17:47:44,757:WARNING:C:\Users\ernandadwi\OneDrive\Documents\Semester 5\AI\Percobaan 3\.venv\Lib\site-packages\sklearn\ensemble\_weight_boosting.py:519: FutureWarning: The SAMME.R algorithm (the default) is deprecated and will be removed in 1.6. Use the SAMME algorithm to circumvent this warning.
  warnings.warn(

2026-09-17 17:47:44,757:WARNING:C:\Users\ernandadwi\OneDrive\Documents\Semester 5\AI\Percobaan 3\.venv\Lib\site-packages\sklearn\ensemble\_weight_boosting.py:519: FutureWarning: The SAMME.R algorithm (the default) is deprecated and will be removed in 1.6. Use the SAMME algorithm to circumvent this warning.
  warnings.warn(

2026-09-17 17:47:44,758:WARNING:C:\Users\ernandadwi\OneDrive\Documents\Semester 5\AI\Percobaan 3\.venv\Lib\site-packages\sklearn\ensemble\_weight_boosting.py:519: FutureWarning: The SAMME.R algorithm (the default) is deprecated and will be removed in 1.6. Use the SAMME algorithm to circumvent this warning.
  warnings.warn(

2026-09-17 17:47:44,759:WARNING:C:\Users\ernandadwi\OneDrive\Documents\Semester 5\AI\Percobaan 3\.venv\Lib\site-packages\sklearn\ensemble\_weight_boosting.py:519: FutureWarning: The SAMME.R algorithm (the default) is deprecated and will be removed in 1.6. Use the SAMME algorithm to circumvent this warning.
  warnings.warn(

2026-09-17 17:47:44,895:INFO:Calculating mean and std
2026-09-17 17:47:44,895:INFO:Creating metrics dataframe
2026-09-17 17:47:44,896:INFO:Uploading results into container
2026-09-17 17:47:44,897:INFO:Uploading model into container now
2026-09-17 17:47:44,897:INFO:_master_model_container: 9
2026-09-17 17:47:44,897:INFO:_display_container: 2
2026-09-17 17:47:44,897:INFO:AdaBoostClassifier(algorithm='SAMME.R', estimator=None, learning_rate=1.0,
                   n_estimators=50, random_state=7184)
2026-09-17 17:47:44,897:INFO:create_model() successfully completed......................................
2026-09-17 17:47:44,946:INFO:SubProcess create_model() end ==================================
2026-09-17 17:47:44,946:INFO:Creating metrics dataframe
2026-09-17 17:47:44,947:INFO:Initializing Gradient Boosting Classifier
2026-09-17 17:47:44,947:INFO:Total runtime is 0.12171664237976075 minutes
2026-09-17 17:47:44,947:INFO:SubProcess create_model() called ==================================
2026-09-17 17:47:44,948:INFO:Initializing create_model()
2026-09-17 17:47:44,948:INFO:create_model(self=<pycaret.classification.oop.ClassificationExperiment object at 0x00000114AAED6910>, estimator=gbc, fold=StratifiedKFold(n_splits=10, random_state=None, shuffle=False), round=4, cross_validation=True, predict=True, fit_kwargs={}, groups=None, refit=False, probability_threshold=None, experiment_custom_tags=None, verbose=False, system=False, add_to_model_list=True, metrics=None, display=<pycaret.internal.display.display.CommonDisplay object at 0x00000114D1E36E90>, model_only=True, return_train_score=False, error_score=0.0, kwargs={})
2026-09-17 17:47:44,948:INFO:Checking exceptions
2026-09-17 17:47:44,948:INFO:Importing libraries
2026-09-17 17:47:44,948:INFO:Copying training dataset
2026-09-17 17:47:44,950:INFO:Defining folds
2026-09-17 17:47:44,950:INFO:Declaring metric variables
2026-09-17 17:47:44,951:INFO:Importing untrained model
2026-09-17 17:47:44,951:INFO:Gradient Boosting Classifier Imported successfully
2026-09-17 17:47:44,951:INFO:Starting cross validation
2026-09-17 17:47:44,951:INFO:Cross validating with StratifiedKFold(n_splits=10, random_state=None, shuffle=False), n_jobs=-1
2026-09-17 17:47:45,367:INFO:Calculating mean and std
2026-09-17 17:47:45,367:INFO:Creating metrics dataframe
2026-09-17 17:47:45,368:INFO:Uploading results into container
2026-09-17 17:47:45,369:INFO:Uploading model into container now
2026-09-17 17:47:45,369:INFO:_master_model_container: 10
2026-09-17 17:47:45,369:INFO:_display_container: 2
2026-09-17 17:47:45,369:INFO:GradientBoostingClassifier(ccp_alpha=0.0, criterion='friedman_mse', init=None,
                           learning_rate=0.1, loss='log_loss', max_depth=3,
                           max_features=None, max_leaf_nodes=None,
                           min_impurity_decrease=0.0, min_samples_leaf=1,
                           min_samples_split=2, min_weight_fraction_leaf=0.0,
                           n_estimators=100, n_iter_no_change=None,
                           random_state=7184, subsample=1.0, tol=0.0001,
                           validation_fraction=0.1, verbose=0,
                           warm_start=False)
2026-09-17 17:47:45,369:INFO:create_model() successfully completed......................................
2026-09-17 17:47:45,418:INFO:SubProcess create_model() end ==================================
2026-09-17 17:47:45,418:INFO:Creating metrics dataframe
2026-09-17 17:47:45,420:INFO:Initializing Linear Discriminant Analysis
2026-09-17 17:47:45,420:INFO:Total runtime is 0.12959165573120118 minutes
2026-09-17 17:47:45,420:INFO:SubProcess create_model() called ==================================
2026-09-17 17:47:45,420:INFO:Initializing create_model()
2026-09-17 17:47:45,420:INFO:create_model(self=<pycaret.classification.oop.ClassificationExperiment object at 0x00000114AAED6910>, estimator=lda, fold=StratifiedKFold(n_splits=10, random_state=None, shuffle=False), round=4, cross_validation=True, predict=True, fit_kwargs={}, groups=None, refit=False, probability_threshold=None, experiment_custom_tags=None, verbose=False, system=False, add_to_model_list=True, metrics=None, display=<pycaret.internal.display.display.CommonDisplay object at 0x00000114D1E36E90>, model_only=True, return_train_score=False, error_score=0.0, kwargs={})
2026-09-17 17:47:45,420:INFO:Checking exceptions
2026-09-17 17:47:45,420:INFO:Importing libraries
2026-09-17 17:47:45,420:INFO:Copying training dataset
2026-09-17 17:47:45,422:INFO:Defining folds
2026-09-17 17:47:45,422:INFO:Declaring metric variables
2026-09-17 17:47:45,422:INFO:Importing untrained model
2026-09-17 17:47:45,423:INFO:Linear Discriminant Analysis Imported successfully
2026-09-17 17:47:45,423:INFO:Starting cross validation
2026-09-17 17:47:45,423:INFO:Cross validating with StratifiedKFold(n_splits=10, random_state=None, shuffle=False), n_jobs=-1
2026-09-17 17:47:45,497:INFO:Calculating mean and std
2026-09-17 17:47:45,497:INFO:Creating metrics dataframe
2026-09-17 17:47:45,498:INFO:Uploading results into container
2026-09-17 17:47:45,499:INFO:Uploading model into container now
2026-09-17 17:47:45,499:INFO:_master_model_container: 11
2026-09-17 17:47:45,499:INFO:_display_container: 2
2026-09-17 17:47:45,499:INFO:LinearDiscriminantAnalysis(covariance_estimator=None, n_components=None,
                           priors=None, shrinkage=None, solver='svd',
                           store_covariance=False, tol=0.0001)
2026-09-17 17:47:45,499:INFO:create_model() successfully completed......................................
2026-09-17 17:47:45,549:INFO:SubProcess create_model() end ==================================
2026-09-17 17:47:45,549:INFO:Creating metrics dataframe
2026-09-17 17:47:45,551:INFO:Initializing Extra Trees Classifier
2026-09-17 17:47:45,551:INFO:Total runtime is 0.13177955547968548 minutes
2026-09-17 17:47:45,551:INFO:SubProcess create_model() called ==================================
2026-09-17 17:47:45,551:INFO:Initializing create_model()
2026-09-17 17:47:45,551:INFO:create_model(self=<pycaret.classification.oop.ClassificationExperiment object at 0x00000114AAED6910>, estimator=et, fold=StratifiedKFold(n_splits=10, random_state=None, shuffle=False), round=4, cross_validation=True, predict=True, fit_kwargs={}, groups=None, refit=False, probability_threshold=None, experiment_custom_tags=None, verbose=False, system=False, add_to_model_list=True, metrics=None, display=<pycaret.internal.display.display.CommonDisplay object at 0x00000114D1E36E90>, model_only=True, return_train_score=False, error_score=0.0, kwargs={})
2026-09-17 17:47:45,551:INFO:Checking exceptions
2026-09-17 17:47:45,551:INFO:Importing libraries
2026-09-17 17:47:45,551:INFO:Copying training dataset
2026-09-17 17:47:45,554:INFO:Defining folds
2026-09-17 17:47:45,554:INFO:Declaring metric variables
2026-09-17 17:47:45,554:INFO:Importing untrained model
2026-09-17 17:47:45,554:INFO:Extra Trees Classifier Imported successfully
2026-09-17 17:47:45,554:INFO:Starting cross validation
2026-09-17 17:47:45,554:INFO:Cross validating with StratifiedKFold(n_splits=10, random_state=None, shuffle=False), n_jobs=-1
2026-09-17 17:47:45,738:INFO:Calculating mean and std
2026-09-17 17:47:45,738:INFO:Creating metrics dataframe
2026-09-17 17:47:45,740:INFO:Uploading results into container
2026-09-17 17:47:45,740:INFO:Uploading model into container now
2026-09-17 17:47:45,740:INFO:_master_model_container: 12
2026-09-17 17:47:45,740:INFO:_display_container: 2
2026-09-17 17:47:45,740:INFO:ExtraTreesClassifier(bootstrap=False, ccp_alpha=0.0, class_weight=None,
                     criterion='gini', max_depth=None, max_features='sqrt',
                     max_leaf_nodes=None, max_samples=None,
                     min_impurity_decrease=0.0, min_samples_leaf=1,
                     min_samples_split=2, min_weight_fraction_leaf=0.0,
                     monotonic_cst=None, n_estimators=100, n_jobs=-1,
                     oob_score=False, random_state=7184, verbose=0,
                     warm_start=False)
2026-09-17 17:47:45,740:INFO:create_model() successfully completed......................................
2026-09-17 17:47:45,790:INFO:SubProcess create_model() end ==================================
2026-09-17 17:47:45,790:INFO:Creating metrics dataframe
2026-09-17 17:47:45,791:INFO:Initializing Extreme Gradient Boosting
2026-09-17 17:47:45,791:INFO:Total runtime is 0.13578168551127118 minutes
2026-09-17 17:47:45,792:INFO:SubProcess create_model() called ==================================
2026-09-17 17:47:45,792:INFO:Initializing create_model()
2026-09-17 17:47:45,792:INFO:create_model(self=<pycaret.classification.oop.ClassificationExperiment object at 0x00000114AAED6910>, estimator=xgboost, fold=StratifiedKFold(n_splits=10, random_state=None, shuffle=False), round=4, cross_validation=True, predict=True, fit_kwargs={}, groups=None, refit=False, probability_threshold=None, experiment_custom_tags=None, verbose=False, system=False, add_to_model_list=True, metrics=None, display=<pycaret.internal.display.display.CommonDisplay object at 0x00000114D1E36E90>, model_only=True, return_train_score=False, error_score=0.0, kwargs={})
2026-09-17 17:47:45,792:INFO:Checking exceptions
2026-09-17 17:47:45,792:INFO:Importing libraries
2026-09-17 17:47:45,792:INFO:Copying training dataset
2026-09-17 17:47:45,795:INFO:Defining folds
2026-09-17 17:47:45,795:INFO:Declaring metric variables
2026-09-17 17:47:45,795:INFO:Importing untrained model
2026-09-17 17:47:45,796:INFO:Extreme Gradient Boosting Imported successfully
2026-09-17 17:47:45,796:INFO:Starting cross validation
2026-09-17 17:47:45,797:INFO:Cross validating with StratifiedKFold(n_splits=10, random_state=None, shuffle=False), n_jobs=-1
2026-09-17 17:47:47,321:INFO:Calculating mean and std
2026-09-17 17:47:47,321:INFO:Creating metrics dataframe
2026-09-17 17:47:47,322:INFO:Uploading results into container
2026-09-17 17:47:47,322:INFO:Uploading model into container now
2026-09-17 17:47:47,323:INFO:_master_model_container: 13
2026-09-17 17:47:47,323:INFO:_display_container: 2
2026-09-17 17:47:47,323:INFO:XGBClassifier(base_score=None, booster='gbtree', callbacks=None,
              colsample_bylevel=None, colsample_bynode=None,
              colsample_bytree=None, device='cpu', early_stopping_rounds=None,
              enable_categorical=False, eval_metric=None, feature_types=None,
              gamma=None, grow_policy=None, importance_type=None,
              interaction_constraints=None, learning_rate=None, max_bin=None,
              max_cat_threshold=None, max_cat_to_onehot=None,
              max_delta_step=None, max_depth=None, max_leaves=None,
              min_child_weight=None, missing=nan, monotone_constraints=None,
              multi_strategy=None, n_estimators=None, n_jobs=-1,
              num_parallel_tree=None, objective='binary:logistic', ...)
2026-09-17 17:47:47,323:INFO:create_model() successfully completed......................................
2026-09-17 17:47:47,388:INFO:SubProcess create_model() end ==================================
2026-09-17 17:47:47,388:INFO:Creating metrics dataframe
2026-09-17 17:47:47,390:INFO:Initializing Light Gradient Boosting Machine
2026-09-17 17:47:47,390:INFO:Total runtime is 0.16243407726287845 minutes
2026-09-17 17:47:47,390:INFO:SubProcess create_model() called ==================================
2026-09-17 17:47:47,390:INFO:Initializing create_model()
2026-09-17 17:47:47,390:INFO:create_model(self=<pycaret.classification.oop.ClassificationExperiment object at 0x00000114AAED6910>, estimator=lightgbm, fold=StratifiedKFold(n_splits=10, random_state=None, shuffle=False), round=4, cross_validation=True, predict=True, fit_kwargs={}, groups=None, refit=False, probability_threshold=None, experiment_custom_tags=None, verbose=False, system=False, add_to_model_list=True, metrics=None, display=<pycaret.internal.display.display.CommonDisplay object at 0x00000114D1E36E90>, model_only=True, return_train_score=False, error_score=0.0, kwargs={})
2026-09-17 17:47:47,390:INFO:Checking exceptions
2026-09-17 17:47:47,390:INFO:Importing libraries
2026-09-17 17:47:47,390:INFO:Copying training dataset
2026-09-17 17:47:47,394:INFO:Defining folds
2026-09-17 17:47:47,394:INFO:Declaring metric variables
2026-09-17 17:47:47,394:INFO:Importing untrained model
2026-09-17 17:47:47,395:INFO:Light Gradient Boosting Machine Imported successfully
2026-09-17 17:47:47,395:INFO:Starting cross validation
2026-09-17 17:47:47,396:INFO:Cross validating with StratifiedKFold(n_splits=10, random_state=None, shuffle=False), n_jobs=-1
2026-09-17 17:47:47,553:WARNING:create_model() for lightgbm raised an exception or returned all 0.0, trying without fit_kwargs:
2026-09-17 17:47:47,562:WARNING:Traceback (most recent call last):
  File "C:\Users\ernandadwi\OneDrive\Documents\Semester 5\AI\Percobaan 3\.venv\Lib\site-packages\pycaret\internal\pycaret_experiment\supervised_experiment.py", line 794, in compare_models
    model, model_fit_time = self._create_model(**create_model_args)
                            ^^^^^^^^^^^^^^^^^^^^^^^^^^^^^^^^^^^^^^^
  File "C:\Users\ernandadwi\OneDrive\Documents\Semester 5\AI\Percobaan 3\.venv\Lib\site-packages\pycaret\internal\pycaret_experiment\supervised_experiment.py", line 1533, in _create_model
    model, model_fit_time, model_results, _ = self._create_model_with_cv(
                                              ^^^^^^^^^^^^^^^^^^^^^^^^^^^
  File "C:\Users\ernandadwi\OneDrive\Documents\Semester 5\AI\Percobaan 3\.venv\Lib\site-packages\pycaret\internal\pycaret_experiment\supervised_experiment.py", line 1126, in _create_model_with_cv
    scores = cross_validate(
             ^^^^^^^^^^^^^^^
  File "C:\Users\ernandadwi\OneDrive\Documents\Semester 5\AI\Percobaan 3\.venv\Lib\site-packages\sklearn\utils\_param_validation.py", line 213, in wrapper
    return func(*args, **kwargs)
           ^^^^^^^^^^^^^^^^^^^^^
  File "C:\Users\ernandadwi\OneDrive\Documents\Semester 5\AI\Percobaan 3\.venv\Lib\site-packages\sklearn\model_selection\_validation.py", line 450, in cross_validate
    _warn_or_raise_about_fit_failures(results, error_score)
  File "C:\Users\ernandadwi\OneDrive\Documents\Semester 5\AI\Percobaan 3\.venv\Lib\site-packages\sklearn\model_selection\_validation.py", line 536, in _warn_or_raise_about_fit_failures
    raise ValueError(all_fits_failed_message)
ValueError: 
All the 10 fits failed.
It is very likely that your model is misconfigured.
You can try to debug the error by setting error_score='raise'.

Below are more details about the failures:
--------------------------------------------------------------------------------
10 fits failed with the following error:
Traceback (most recent call last):
  File "C:\Users\ernandadwi\OneDrive\Documents\Semester 5\AI\Percobaan 3\.venv\Lib\site-packages\sklearn\model_selection\_validation.py", line 895, in _fit_and_score
    estimator.fit(X_train, y_train, **fit_params)
  File "C:\Users\ernandadwi\OneDrive\Documents\Semester 5\AI\Percobaan 3\.venv\Lib\site-packages\pycaret\internal\pipeline.py", line 278, in fit
    fitted_estimator = self._memory_fit(
                       ^^^^^^^^^^^^^^^^^
  File "C:\Users\ernandadwi\OneDrive\Documents\Semester 5\AI\Percobaan 3\.venv\Lib\site-packages\joblib\memory.py", line 353, in __call__
    return self.func(*args, **kwargs)
           ^^^^^^^^^^^^^^^^^^^^^^^^^^
  File "C:\Users\ernandadwi\OneDrive\Documents\Semester 5\AI\Percobaan 3\.venv\Lib\site-packages\pycaret\internal\pipeline.py", line 69, in _fit_one
    transformer.fit(*args)
  File "C:\Users\ernandadwi\OneDrive\Documents\Semester 5\AI\Percobaan 3\.venv\Lib\site-packages\lightgbm\sklearn.py", line 1704, in fit
    super().fit(
  File "C:\Users\ernandadwi\OneDrive\Documents\Semester 5\AI\Percobaan 3\.venv\Lib\site-packages\lightgbm\sklearn.py", line 1171, in fit
    self._Booster = train(
                    ^^^^^^
  File "C:\Users\ernandadwi\OneDrive\Documents\Semester 5\AI\Percobaan 3\.venv\Lib\site-packages\lightgbm\engine.py", line 296, in train
    booster = Booster(params=params, train_set=train_set)
              ^^^^^^^^^^^^^^^^^^^^^^^^^^^^^^^^^^^^^^^^^^^
  File "C:\Users\ernandadwi\OneDrive\Documents\Semester 5\AI\Percobaan 3\.venv\Lib\site-packages\lightgbm\basic.py", line 3758, in __init__
    train_set.construct()
  File "C:\Users\ernandadwi\OneDrive\Documents\Semester 5\AI\Percobaan 3\.venv\Lib\site-packages\lightgbm\basic.py", line 2574, in construct
    self._lazy_init(
  File "C:\Users\ernandadwi\OneDrive\Documents\Semester 5\AI\Percobaan 3\.venv\Lib\site-packages\lightgbm\basic.py", line 2189, in _lazy_init
    self.set_label(label)
  File "C:\Users\ernandadwi\OneDrive\Documents\Semester 5\AI\Percobaan 3\.venv\Lib\site-packages\lightgbm\basic.py", line 3097, in set_label
    self.set_field("label", label_array)
  File "C:\Users\ernandadwi\OneDrive\Documents\Semester 5\AI\Percobaan 3\.venv\Lib\site-packages\lightgbm\basic.py", line 2860, in set_field
    _LIB.LGBM_DatasetSetField(
OSError: exception: access violation reading 0x0000000000000000


2026-09-17 17:47:47,562:INFO:Initializing create_model()
2026-09-17 17:47:47,562:INFO:create_model(self=<pycaret.classification.oop.ClassificationExperiment object at 0x00000114AAED6910>, estimator=lightgbm, fold=StratifiedKFold(n_splits=10, random_state=None, shuffle=False), round=4, cross_validation=True, predict=True, fit_kwargs={}, groups=None, refit=False, probability_threshold=None, experiment_custom_tags=None, verbose=False, system=False, add_to_model_list=True, metrics=None, display=<pycaret.internal.display.display.CommonDisplay object at 0x00000114D1E36E90>, model_only=True, return_train_score=False, error_score=0.0, kwargs={})
2026-09-17 17:47:47,562:INFO:Checking exceptions
2026-09-17 17:47:47,562:INFO:Importing libraries
2026-09-17 17:47:47,562:INFO:Copying training dataset
2026-09-17 17:47:47,567:INFO:Defining folds
2026-09-17 17:47:47,567:INFO:Declaring metric variables
2026-09-17 17:47:47,567:INFO:Importing untrained model
2026-09-17 17:47:47,568:INFO:Light Gradient Boosting Machine Imported successfully
2026-09-17 17:47:47,568:INFO:Starting cross validation
2026-09-17 17:47:47,569:INFO:Cross validating with StratifiedKFold(n_splits=10, random_state=None, shuffle=False), n_jobs=-1
2026-09-17 17:47:47,646:ERROR:create_model() for lightgbm raised an exception or returned all 0.0:
2026-09-17 17:47:47,648:ERROR:Traceback (most recent call last):
  File "C:\Users\ernandadwi\OneDrive\Documents\Semester 5\AI\Percobaan 3\.venv\Lib\site-packages\pycaret\internal\pycaret_experiment\supervised_experiment.py", line 794, in compare_models
    model, model_fit_time = self._create_model(**create_model_args)
                            ^^^^^^^^^^^^^^^^^^^^^^^^^^^^^^^^^^^^^^^
  File "C:\Users\ernandadwi\OneDrive\Documents\Semester 5\AI\Percobaan 3\.venv\Lib\site-packages\pycaret\internal\pycaret_experiment\supervised_experiment.py", line 1533, in _create_model
    model, model_fit_time, model_results, _ = self._create_model_with_cv(
                                              ^^^^^^^^^^^^^^^^^^^^^^^^^^^
  File "C:\Users\ernandadwi\OneDrive\Documents\Semester 5\AI\Percobaan 3\.venv\Lib\site-packages\pycaret\internal\pycaret_experiment\supervised_experiment.py", line 1126, in _create_model_with_cv
    scores = cross_validate(
             ^^^^^^^^^^^^^^^
  File "C:\Users\ernandadwi\OneDrive\Documents\Semester 5\AI\Percobaan 3\.venv\Lib\site-packages\sklearn\utils\_param_validation.py", line 213, in wrapper
    return func(*args, **kwargs)
           ^^^^^^^^^^^^^^^^^^^^^
  File "C:\Users\ernandadwi\OneDrive\Documents\Semester 5\AI\Percobaan 3\.venv\Lib\site-packages\sklearn\model_selection\_validation.py", line 450, in cross_validate
    _warn_or_raise_about_fit_failures(results, error_score)
  File "C:\Users\ernandadwi\OneDrive\Documents\Semester 5\AI\Percobaan 3\.venv\Lib\site-packages\sklearn\model_selection\_validation.py", line 536, in _warn_or_raise_about_fit_failures
    raise ValueError(all_fits_failed_message)
ValueError: 
All the 10 fits failed.
It is very likely that your model is misconfigured.
You can try to debug the error by setting error_score='raise'.

Below are more details about the failures:
--------------------------------------------------------------------------------
10 fits failed with the following error:
Traceback (most recent call last):
  File "C:\Users\ernandadwi\OneDrive\Documents\Semester 5\AI\Percobaan 3\.venv\Lib\site-packages\sklearn\model_selection\_validation.py", line 895, in _fit_and_score
    estimator.fit(X_train, y_train, **fit_params)
  File "C:\Users\ernandadwi\OneDrive\Documents\Semester 5\AI\Percobaan 3\.venv\Lib\site-packages\pycaret\internal\pipeline.py", line 278, in fit
    fitted_estimator = self._memory_fit(
                       ^^^^^^^^^^^^^^^^^
  File "C:\Users\ernandadwi\OneDrive\Documents\Semester 5\AI\Percobaan 3\.venv\Lib\site-packages\joblib\memory.py", line 353, in __call__
    return self.func(*args, **kwargs)
           ^^^^^^^^^^^^^^^^^^^^^^^^^^
  File "C:\Users\ernandadwi\OneDrive\Documents\Semester 5\AI\Percobaan 3\.venv\Lib\site-packages\pycaret\internal\pipeline.py", line 69, in _fit_one
    transformer.fit(*args)
  File "C:\Users\ernandadwi\OneDrive\Documents\Semester 5\AI\Percobaan 3\.venv\Lib\site-packages\lightgbm\sklearn.py", line 1704, in fit
    super().fit(
  File "C:\Users\ernandadwi\OneDrive\Documents\Semester 5\AI\Percobaan 3\.venv\Lib\site-packages\lightgbm\sklearn.py", line 1171, in fit
    self._Booster = train(
                    ^^^^^^
  File "C:\Users\ernandadwi\OneDrive\Documents\Semester 5\AI\Percobaan 3\.venv\Lib\site-packages\lightgbm\engine.py", line 296, in train
    booster = Booster(params=params, train_set=train_set)
              ^^^^^^^^^^^^^^^^^^^^^^^^^^^^^^^^^^^^^^^^^^^
  File "C:\Users\ernandadwi\OneDrive\Documents\Semester 5\AI\Percobaan 3\.venv\Lib\site-packages\lightgbm\basic.py", line 3758, in __init__
    train_set.construct()
  File "C:\Users\ernandadwi\OneDrive\Documents\Semester 5\AI\Percobaan 3\.venv\Lib\site-packages\lightgbm\basic.py", line 2574, in construct
    self._lazy_init(
  File "C:\Users\ernandadwi\OneDrive\Documents\Semester 5\AI\Percobaan 3\.venv\Lib\site-packages\lightgbm\basic.py", line 2189, in _lazy_init
    self.set_label(label)
  File "C:\Users\ernandadwi\OneDrive\Documents\Semester 5\AI\Percobaan 3\.venv\Lib\site-packages\lightgbm\basic.py", line 3097, in set_label
    self.set_field("label", label_array)
  File "C:\Users\ernandadwi\OneDrive\Documents\Semester 5\AI\Percobaan 3\.venv\Lib\site-packages\lightgbm\basic.py", line 2860, in set_field
    _LIB.LGBM_DatasetSetField(
OSError: exception: access violation reading 0x0000000000000000


During handling of the above exception, another exception occurred:

Traceback (most recent call last):
  File "C:\Users\ernandadwi\OneDrive\Documents\Semester 5\AI\Percobaan 3\.venv\Lib\site-packages\pycaret\internal\pycaret_experiment\supervised_experiment.py", line 815, in compare_models
    model, model_fit_time = self._create_model(**create_model_args)
                            ^^^^^^^^^^^^^^^^^^^^^^^^^^^^^^^^^^^^^^^
  File "C:\Users\ernandadwi\OneDrive\Documents\Semester 5\AI\Percobaan 3\.venv\Lib\site-packages\pycaret\internal\pycaret_experiment\supervised_experiment.py", line 1533, in _create_model
    model, model_fit_time, model_results, _ = self._create_model_with_cv(
                                              ^^^^^^^^^^^^^^^^^^^^^^^^^^^
  File "C:\Users\ernandadwi\OneDrive\Documents\Semester 5\AI\Percobaan 3\.venv\Lib\site-packages\pycaret\internal\pycaret_experiment\supervised_experiment.py", line 1126, in _create_model_with_cv
    scores = cross_validate(
             ^^^^^^^^^^^^^^^
  File "C:\Users\ernandadwi\OneDrive\Documents\Semester 5\AI\Percobaan 3\.venv\Lib\site-packages\sklearn\utils\_param_validation.py", line 213, in wrapper
    return func(*args, **kwargs)
           ^^^^^^^^^^^^^^^^^^^^^
  File "C:\Users\ernandadwi\OneDrive\Documents\Semester 5\AI\Percobaan 3\.venv\Lib\site-packages\sklearn\model_selection\_validation.py", line 450, in cross_validate
    _warn_or_raise_about_fit_failures(results, error_score)
  File "C:\Users\ernandadwi\OneDrive\Documents\Semester 5\AI\Percobaan 3\.venv\Lib\site-packages\sklearn\model_selection\_validation.py", line 536, in _warn_or_raise_about_fit_failures
    raise ValueError(all_fits_failed_message)
ValueError: 
All the 10 fits failed.
It is very likely that your model is misconfigured.
You can try to debug the error by setting error_score='raise'.

Below are more details about the failures:
--------------------------------------------------------------------------------
10 fits failed with the following error:
Traceback (most recent call last):
  File "C:\Users\ernandadwi\OneDrive\Documents\Semester 5\AI\Percobaan 3\.venv\Lib\site-packages\sklearn\model_selection\_validation.py", line 895, in _fit_and_score
    estimator.fit(X_train, y_train, **fit_params)
  File "C:\Users\ernandadwi\OneDrive\Documents\Semester 5\AI\Percobaan 3\.venv\Lib\site-packages\pycaret\internal\pipeline.py", line 278, in fit
    fitted_estimator = self._memory_fit(
                       ^^^^^^^^^^^^^^^^^
  File "C:\Users\ernandadwi\OneDrive\Documents\Semester 5\AI\Percobaan 3\.venv\Lib\site-packages\joblib\memory.py", line 353, in __call__
    return self.func(*args, **kwargs)
           ^^^^^^^^^^^^^^^^^^^^^^^^^^
  File "C:\Users\ernandadwi\OneDrive\Documents\Semester 5\AI\Percobaan 3\.venv\Lib\site-packages\pycaret\internal\pipeline.py", line 69, in _fit_one
    transformer.fit(*args)
  File "C:\Users\ernandadwi\OneDrive\Documents\Semester 5\AI\Percobaan 3\.venv\Lib\site-packages\lightgbm\sklearn.py", line 1704, in fit
    super().fit(
  File "C:\Users\ernandadwi\OneDrive\Documents\Semester 5\AI\Percobaan 3\.venv\Lib\site-packages\lightgbm\sklearn.py", line 1171, in fit
    self._Booster = train(
                    ^^^^^^
  File "C:\Users\ernandadwi\OneDrive\Documents\Semester 5\AI\Percobaan 3\.venv\Lib\site-packages\lightgbm\engine.py", line 296, in train
    booster = Booster(params=params, train_set=train_set)
              ^^^^^^^^^^^^^^^^^^^^^^^^^^^^^^^^^^^^^^^^^^^
  File "C:\Users\ernandadwi\OneDrive\Documents\Semester 5\AI\Percobaan 3\.venv\Lib\site-packages\lightgbm\basic.py", line 3758, in __init__
    train_set.construct()
  File "C:\Users\ernandadwi\OneDrive\Documents\Semester 5\AI\Percobaan 3\.venv\Lib\site-packages\lightgbm\basic.py", line 2574, in construct
    self._lazy_init(
  File "C:\Users\ernandadwi\OneDrive\Documents\Semester 5\AI\Percobaan 3\.venv\Lib\site-packages\lightgbm\basic.py", line 2189, in _lazy_init
    self.set_label(label)
  File "C:\Users\ernandadwi\OneDrive\Documents\Semester 5\AI\Percobaan 3\.venv\Lib\site-packages\lightgbm\basic.py", line 3097, in set_label
    self.set_field("label", label_array)
  File "C:\Users\ernandadwi\OneDrive\Documents\Semester 5\AI\Percobaan 3\.venv\Lib\site-packages\lightgbm\basic.py", line 2860, in set_field
    _LIB.LGBM_DatasetSetField(
OSError: exception: access violation reading 0x0000000000000000


2026-09-17 17:47:47,648:INFO:Initializing Dummy Classifier
2026-09-17 17:47:47,648:INFO:Total runtime is 0.16673451264699304 minutes
2026-09-17 17:47:47,648:INFO:SubProcess create_model() called ==================================
2026-09-17 17:47:47,648:INFO:Initializing create_model()
2026-09-17 17:47:47,648:INFO:create_model(self=<pycaret.classification.oop.ClassificationExperiment object at 0x00000114AAED6910>, estimator=dummy, fold=StratifiedKFold(n_splits=10, random_state=None, shuffle=False), round=4, cross_validation=True, predict=True, fit_kwargs={}, groups=None, refit=False, probability_threshold=None, experiment_custom_tags=None, verbose=False, system=False, add_to_model_list=True, metrics=None, display=<pycaret.internal.display.display.CommonDisplay object at 0x00000114D1E36E90>, model_only=True, return_train_score=False, error_score=0.0, kwargs={})
2026-09-17 17:47:47,648:INFO:Checking exceptions
2026-09-17 17:47:47,648:INFO:Importing libraries
2026-09-17 17:47:47,649:INFO:Copying training dataset
2026-09-17 17:47:47,654:INFO:Defining folds
2026-09-17 17:47:47,654:INFO:Declaring metric variables
2026-09-17 17:47:47,654:INFO:Importing untrained model
2026-09-17 17:47:47,654:INFO:Dummy Classifier Imported successfully
2026-09-17 17:47:47,654:INFO:Starting cross validation
2026-09-17 17:47:47,655:INFO:Cross validating with StratifiedKFold(n_splits=10, random_state=None, shuffle=False), n_jobs=-1
2026-09-17 17:47:47,737:INFO:Calculating mean and std
2026-09-17 17:47:47,737:INFO:Creating metrics dataframe
2026-09-17 17:47:47,739:INFO:Uploading results into container
2026-09-17 17:47:47,739:INFO:Uploading model into container now
2026-09-17 17:47:47,739:INFO:_master_model_container: 14
2026-09-17 17:47:47,739:INFO:_display_container: 2
2026-09-17 17:47:47,739:INFO:DummyClassifier(constant=None, random_state=7184, strategy='prior')
2026-09-17 17:47:47,739:INFO:create_model() successfully completed......................................
2026-09-17 17:47:47,809:INFO:SubProcess create_model() end ==================================
2026-09-17 17:47:47,809:INFO:Creating metrics dataframe
2026-09-17 17:47:47,811:WARNING:C:\Users\ernandadwi\OneDrive\Documents\Semester 5\AI\Percobaan 3\.venv\Lib\site-packages\pycaret\internal\pycaret_experiment\supervised_experiment.py:339: FutureWarning: Styler.applymap has been deprecated. Use Styler.map instead.
  .applymap(highlight_cols, subset=["TT (Sec)"])

2026-09-17 17:47:47,813:INFO:Initializing create_model()
2026-09-17 17:47:47,813:INFO:create_model(self=<pycaret.classification.oop.ClassificationExperiment object at 0x00000114AAED6910>, estimator=ExtraTreesClassifier(bootstrap=False, ccp_alpha=0.0, class_weight=None,
                     criterion='gini', max_depth=None, max_features='sqrt',
                     max_leaf_nodes=None, max_samples=None,
                     min_impurity_decrease=0.0, min_samples_leaf=1,
                     min_samples_split=2, min_weight_fraction_leaf=0.0,
                     monotonic_cst=None, n_estimators=100, n_jobs=-1,
                     oob_score=False, random_state=7184, verbose=0,
                     warm_start=False), fold=StratifiedKFold(n_splits=10, random_state=None, shuffle=False), round=4, cross_validation=False, predict=False, fit_kwargs={}, groups=None, refit=True, probability_threshold=None, experiment_custom_tags=None, verbose=False, system=False, add_to_model_list=True, metrics=None, display=None, model_only=True, return_train_score=False, error_score=0.0, kwargs={})
2026-09-17 17:47:47,813:INFO:Checking exceptions
2026-09-17 17:47:47,814:INFO:Importing libraries
2026-09-17 17:47:47,814:INFO:Copying training dataset
2026-09-17 17:47:47,818:INFO:Defining folds
2026-09-17 17:47:47,818:INFO:Declaring metric variables
2026-09-17 17:47:47,818:INFO:Importing untrained model
2026-09-17 17:47:47,818:INFO:Declaring custom model
2026-09-17 17:47:47,818:INFO:Extra Trees Classifier Imported successfully
2026-09-17 17:47:47,819:INFO:Cross validation set to False
2026-09-17 17:47:47,819:INFO:Fitting Model
2026-09-17 17:47:47,907:INFO:ExtraTreesClassifier(bootstrap=False, ccp_alpha=0.0, class_weight=None,
                     criterion='gini', max_depth=None, max_features='sqrt',
                     max_leaf_nodes=None, max_samples=None,
                     min_impurity_decrease=0.0, min_samples_leaf=1,
                     min_samples_split=2, min_weight_fraction_leaf=0.0,
                     monotonic_cst=None, n_estimators=100, n_jobs=-1,
                     oob_score=False, random_state=7184, verbose=0,
                     warm_start=False)
2026-09-17 17:47:47,907:INFO:create_model() successfully completed......................................
2026-09-17 17:47:47,973:INFO:_master_model_container: 14
2026-09-17 17:47:47,973:INFO:_display_container: 2
2026-09-17 17:47:47,974:INFO:ExtraTreesClassifier(bootstrap=False, ccp_alpha=0.0, class_weight=None,
                     criterion='gini', max_depth=None, max_features='sqrt',
                     max_leaf_nodes=None, max_samples=None,
                     min_impurity_decrease=0.0, min_samples_leaf=1,
                     min_samples_split=2, min_weight_fraction_leaf=0.0,
                     monotonic_cst=None, n_estimators=100, n_jobs=-1,
                     oob_score=False, random_state=7184, verbose=0,
                     warm_start=False)
2026-09-17 17:47:47,974:INFO:compare_models() successfully completed......................................
